algorithm_id,instance_name,instance_type,runs,successful_runs,feasible_runs,feasible_rate,suite_names,depot_count,customer_count,salesman_count,return_to_depot,best_objective,mean_objective,median_objective,min_gap_to_best_observed,mean_gap_to_best_observed,median_gap_to_best_observed,min_time_ratio_to_fastest,mean_time_ratio_to_fastest,median_time_ratio_to_fastest,min_time_gap_to_fastest,mean_time_gap_to_fastest,median_time_gap_to_fastest,total_wall_time_s,mean_wall_time_ms,median_wall_time_ms,p90_wall_time_ms,median_wall_time_per_customer_us
cheapest_insertion,group_01_instance_01_customers_10_depots_1_salesmen_3_random,random,1,1,1,1.0,research_until_25000,1,10,3,True,6158.6835904198815,6158.6835904198815,6158.6835904198815,1.1377738270604418,1.1377738270604418,1.1377738270604418,1.0,1.0,1.0,0.0,0.0,0.0,7e-06,0.007,0.007,0.007,0.7
nearest_neighbour,group_01_instance_01_customers_10_depots_1_salesmen_3_random,random,1,1,1,1.0,research_until_25000,1,10,3,True,6231.034288642259,6231.034288642259,6231.034288642259,1.162887867546292,1.162887867546292,1.162887867546292,14.285714285714286,14.285714285714286,14.285714285714286,13.285714285714286,13.285714285714286,13.285714285714286,0.0001,0.1,0.1,0.1,10.0
random_insertion,group_01_instance_01_customers_10_depots_1_salesmen_3_random,random,1,1,1,1.0,research_until_25000,1,10,3,True,2880.886421408019,2880.886421408019,2880.886421408019,0.0,0.0,0.0,1.1428571428571428,1.1428571428571428,1.1428571428571428,0.14285714285714285,0.14285714285714285,0.14285714285714285,8e-06,0.008,0.008,0.008,0.8
cheapest_insertion,group_01_instance_02_customers_10_depots_1_salesmen_3_random,random,1,1,1,1.0,research_until_25000,1,10,3,True,6554.8170652563795,6554.8170652563795,6554.8170652563795,1.3580394886708018,1.3580394886708018,1.3580394886708018,1.0,1.0,1.0,0.0,0.0,0.0,8e-06,0.008,0.008,0.008,0.8
nearest_neighbour,group_01_instance_02_customers_10_depots_1_salesmen_3_random,random,1,1,1,1.0,research_until_25000,1,10,3,True,6559.388241656347,6559.388241656347,6559.388241656347,1.3596839303620791,1.3596839303620791,1.3596839303620791,3.875,3.875,3.875,2.875,2.875,2.875,3.1e-05,0.031,0.031,0.031,3.1
random_insertion,group_01_instance_02_customers_10_depots_1_salesmen_3_random,random,1,1,1,1.0,research_until_25000,1,10,3,True,2779.7740863751396,2779.7740863751396,2779.7740863751396,0.0,0.0,0.0,1.25,1.25,1.25,0.25,0.25,0.25,1e-05,0.01,0.01,0.01,1.0
cheapest_insertion,group_01_instance_03_customers_10_depots_2_salesmen_6_random,random,1,1,1,1.0,research_until_25000,2,10,6,True,8037.5082889752175,8037.5082889752175,8037.5082889752175,1.3227576694148118,1.3227576694148118,1.3227576694148118,1.2,1.2,1.2,0.2,0.2,0.2,1.2e-05,0.012,0.012,0.012,1.2
nearest_neighbour,group_01_instance_03_customers_10_depots_2_salesmen_6_random,random,1,1,1,1.0,research_until_25000,2,10,6,True,8037.508288975218,8037.508288975218,8037.508288975218,1.322757669414812,1.322757669414812,1.322757669414812,1.0,1.0,1.0,0.0,0.0,0.0,1e-05,0.01,0.01,0.01,1.0
random_insertion,group_01_instance_03_customers_10_depots_2_salesmen_6_random,random,1,1,1,1.0,research_until_25000,2,10,6,True,3460.330104517602,3460.330104517602,3460.330104517602,0.0,0.0,0.0,1.1,1.1,1.1,0.1,0.1,0.1,1.1e-05,0.011,0.011,0.011,1.1
cheapest_insertion,group_01_instance_04_customers_10_depots_2_salesmen_5_random,random,1,1,1,1.0,research_until_25000,2,10,5,True,4866.897266913368,4866.897266913368,4866.897266913368,0.42186509916813686,0.42186509916813686,0.42186509916813686,1.2,1.2,1.2,0.2,0.2,0.2,6e-06,0.006,0.006,0.006,0.6
nearest_neighbour,group_01_instance_04_customers_10_depots_2_salesmen_5_random,random,1,1,1,1.0,research_until_25000,2,10,5,True,4972.128869360609,4972.128869360609,4972.128869360609,0.45260853479938906,0.45260853479938906,0.45260853479938906,4.6,4.6,4.6,3.6,3.6,3.6,2.3e-05,0.023,0.023,0.023,2.3
random_insertion,group_01_instance_04_customers_10_depots_2_salesmen_5_random,random,1,1,1,1.0,research_until_25000,2,10,5,True,3422.896637494478,3422.896637494478,3422.896637494478,0.0,0.0,0.0,1.0,1.0,1.0,0.0,0.0,0.0,5e-06,0.005,0.005,0.005,0.5
cheapest_insertion,group_01_instance_05_customers_10_depots_2_salesmen_4_random,random,1,1,1,1.0,research_until_25000,2,10,4,True,4460.897047115548,4460.897047115548,4460.897047115548,0.32393685926198573,0.32393685926198573,0.32393685926198573,1.0,1.0,1.0,0.0,0.0,0.0,8e-06,0.008,0.008,0.008,0.8
nearest_neighbour,group_01_instance_05_customers_10_depots_2_salesmen_4_random,random,1,1,1,1.0,research_until_25000,2,10,4,True,4464.409554278016,4464.409554278016,4464.409554278016,0.32497932620343195,0.32497932620343195,0.32497932620343195,1.75,1.75,1.75,0.75,0.75,0.75,1.4e-05,0.014,0.014,0.014,1.4
random_insertion,group_01_instance_05_customers_10_depots_2_salesmen_4_random,random,1,1,1,1.0,research_until_25000,2,10,4,True,3369.418273921482,3369.418273921482,3369.418273921482,0.0,0.0,0.0,1.5,1.5,1.5,0.5,0.5,0.5,1.2e-05,0.012,0.012,0.012,1.2
cheapest_insertion,group_01_instance_06_customers_10_depots_3_salesmen_4_random,random,1,1,1,1.0,research_until_25000,3,10,4,True,3595.3787084136657,3595.3787084136657,3595.3787084136657,0.09741184374930403,0.09741184374930403,0.09741184374930403,1.0,1.0,1.0,0.0,0.0,0.0,6e-06,0.006,0.006,0.006,0.6
nearest_neighbour,group_01_instance_06_customers_10_depots_3_salesmen_4_random,random,1,1,1,1.0,research_until_25000,3,10,4,True,3622.6717098427434,3622.6717098427434,3622.6717098427434,0.10574244406955563,0.10574244406955563,0.10574244406955563,1.3333333333333333,1.3333333333333333,1.3333333333333333,0.3333333333333333,0.3333333333333333,0.3333333333333333,8e-06,0.008,0.008,0.008,0.8
random_insertion,group_01_instance_06_customers_10_depots_3_salesmen_4_random,random,1,1,1,1.0,research_until_25000,3,10,4,True,3276.23465054839,3276.23465054839,3276.23465054839,0.0,0.0,0.0,1.5,1.5,1.5,0.5,0.5,0.5,8.999999999999999e-06,0.009,0.009,0.009,0.9
cheapest_insertion,group_01_instance_07_customers_10_depots_3_salesmen_5_random,random,1,1,1,1.0,research_until_25000,3,10,5,True,3179.7574136360017,3179.7574136360017,3179.7574136360017,0.0163288863538359,0.0163288863538359,0.0163288863538359,1.0,1.0,1.0,0.0,0.0,0.0,6e-06,0.006,0.006,0.006,0.6
nearest_neighbour,group_01_instance_07_customers_10_depots_3_salesmen_5_random,random,1,1,1,1.0,research_until_25000,3,10,5,True,3227.262195063634,3227.262195063634,3227.262195063634,0.031512586027837096,0.031512586027837096,0.031512586027837096,2.8333333333333335,2.8333333333333335,2.8333333333333335,1.8333333333333333,1.8333333333333333,1.8333333333333333,1.7e-05,0.017,0.017,0.017,1.7
random_insertion,group_01_instance_07_customers_10_depots_3_salesmen_5_random,random,1,1,1,1.0,research_until_25000,3,10,5,True,3128.669721317914,3128.669721317914,3128.669721317914,0.0,0.0,0.0,1.0,1.0,1.0,0.0,0.0,0.0,6e-06,0.006,0.006,0.006,0.6
cheapest_insertion,group_01_instance_08_customers_10_depots_2_salesmen_2_random,random,1,1,1,1.0,research_until_25000,2,10,2,True,2966.3758672408535,2966.3758672408535,2966.3758672408535,1.5330065077337727e-16,1.5330065077337727e-16,1.5330065077337727e-16,1.0,1.0,1.0,0.0,0.0,0.0,5e-06,0.005,0.005,0.005,0.5
nearest_neighbour,group_01_instance_08_customers_10_depots_2_salesmen_2_random,random,1,1,1,1.0,research_until_25000,2,10,2,True,3372.6782187537583,3372.6782187537583,3372.6782187537583,0.13696927486496296,0.13696927486496296,0.13696927486496296,1.0,1.0,1.0,0.0,0.0,0.0,5e-06,0.005,0.005,0.005,0.5
random_insertion,group_01_instance_08_customers_10_depots_2_salesmen_2_random,random,1,1,1,1.0,research_until_25000,2,10,2,True,2966.375867240853,2966.375867240853,2966.375867240853,0.0,0.0,0.0,2.4,2.4,2.4,1.4,1.4,1.4,1.2e-05,0.012,0.012,0.012,1.2
cheapest_insertion,group_01_instance_09_customers_10_depots_3_salesmen_3_random,random,1,1,1,1.0,research_until_25000,3,10,3,True,2851.793663484808,2851.793663484808,2851.793663484808,0.011364209244581277,0.011364209244581277,0.011364209244581277,1.2,1.2,1.2,0.2,0.2,0.2,6e-06,0.006,0.006,0.006,0.6
nearest_neighbour,group_01_instance_09_customers_10_depots_3_salesmen_3_random,random,1,1,1,1.0,research_until_25000,3,10,3,True,2867.4090764150046,2867.4090764150046,2867.4090764150046,0.01690208176053238,0.01690208176053238,0.01690208176053238,1.4,1.4,1.4,0.4,0.4,0.4,7e-06,0.007,0.007,0.007,0.7
random_insertion,group_01_instance_09_customers_10_depots_3_salesmen_3_random,random,1,1,1,1.0,research_until_25000,3,10,3,True,2819.7494408220155,2819.7494408220155,2819.7494408220155,0.0,0.0,0.0,1.0,1.0,1.0,0.0,0.0,0.0,5e-06,0.005,0.005,0.005,0.5
cheapest_insertion,group_01_instance_10_customers_10_depots_1_salesmen_1_random,random,1,1,1,1.0,research_until_25000,1,10,1,True,2683.0106484619823,2683.0106484619823,2683.0106484619823,0.1432753692616684,0.1432753692616684,0.1432753692616684,1.2,1.2,1.2,0.2,0.2,0.2,6e-06,0.006,0.006,0.006,0.6
nearest_neighbour,group_01_instance_10_customers_10_depots_1_salesmen_1_random,random,1,1,1,1.0,research_until_25000,1,10,1,True,2796.323341731423,2796.323341731423,2796.323341731423,0.19155978860003978,0.19155978860003978,0.19155978860003978,1.2,1.2,1.2,0.2,0.2,0.2,6e-06,0.006,0.006,0.006,0.6
random_insertion,group_01_instance_10_customers_10_depots_1_salesmen_1_random,random,1,1,1,1.0,research_until_25000,1,10,1,True,2346.775519352508,2346.775519352508,2346.775519352508,0.0,0.0,0.0,1.0,1.0,1.0,0.0,0.0,0.0,5e-06,0.005,0.005,0.005,0.5
cheapest_insertion,group_02_instance_01_customers_50_depots_5_salesmen_23_random,random,1,1,1,1.0,research_until_25000,5,50,23,True,16035.539952941586,16035.539952941586,16035.539952941586,1.1206731492938597,1.1206731492938597,1.1206731492938597,1.8421052631578947,1.8421052631578947,1.8421052631578947,0.8421052631578947,0.8421052631578947,0.8421052631578947,3.5000000000000004e-05,0.035,0.035,0.035,0.7
nearest_neighbour,group_02_instance_01_customers_50_depots_5_salesmen_23_random,random,1,1,1,1.0,research_until_25000,5,50,23,True,16564.28595105196,16564.28595105196,16564.28595105196,1.1905989169499442,1.1905989169499442,1.1905989169499442,1.0,1.0,1.0,0.0,0.0,0.0,1.9e-05,0.019,0.019,0.019,0.38
random_insertion,group_02_instance_01_customers_50_depots_5_salesmen_23_random,random,1,1,1,1.0,research_until_25000,5,50,23,True,7561.532977527012,7561.532977527012,7561.532977527012,0.0,0.0,0.0,1.263157894736842,1.263157894736842,1.263157894736842,0.2631578947368421,0.2631578947368421,0.2631578947368421,2.4e-05,0.024,0.024,0.024,0.48
cheapest_insertion,group_02_instance_02_customers_50_depots_3_salesmen_3_random,random,1,1,1,1.0,research_until_25000,3,50,3,True,7477.666856440981,7477.666856440981,7477.666856440981,0.06142251758489139,0.06142251758489139,0.06142251758489139,1.6842105263157894,1.6842105263157894,1.6842105263157894,0.6842105263157895,0.6842105263157895,0.6842105263157895,3.2e-05,0.032,0.032,0.032,0.64
nearest_neighbour,group_02_instance_02_customers_50_depots_3_salesmen_3_random,random,1,1,1,1.0,research_until_25000,3,50,3,True,8043.183478340304,8043.183478340304,8043.183478340304,0.14169515985103456,0.14169515985103456,0.14169515985103456,1.0,1.0,1.0,0.0,0.0,0.0,1.9e-05,0.019,0.019,0.019,0.38
random_insertion,group_02_instance_02_customers_50_depots_3_salesmen_3_random,random,1,1,1,1.0,research_until_25000,3,50,3,True,7044.948390067413,7044.948390067413,7044.948390067413,0.0,0.0,0.0,1.2105263157894737,1.2105263157894737,1.2105263157894737,0.21052631578947367,0.21052631578947367,0.21052631578947367,2.3e-05,0.023,0.023,0.023,0.46
cheapest_insertion,group_02_instance_03_customers_50_depots_4_salesmen_19_random,random,1,1,1,1.0,research_until_25000,4,50,19,True,18079.751594655678,18079.751594655678,18079.751594655678,1.4123701591103943,1.4123701591103943,1.4123701591103943,1.3888888888888888,1.3888888888888888,1.3888888888888888,0.3888888888888889,0.3888888888888889,0.3888888888888889,2.5e-05,0.025,0.025,0.025,0.5
nearest_neighbour,group_02_instance_03_customers_50_depots_4_salesmen_19_random,random,1,1,1,1.0,research_until_25000,4,50,19,True,18690.052758890215,18690.052758890215,18690.052758890215,1.493802268891423,1.493802268891423,1.493802268891423,1.0,1.0,1.0,0.0,0.0,0.0,1.7999999999999997e-05,0.018,0.018,0.018,0.36
random_insertion,group_02_instance_03_customers_50_depots_4_salesmen_19_random,random,1,1,1,1.0,research_until_25000,4,50,19,True,7494.600912043663,7494.600912043663,7494.600912043663,0.0,0.0,0.0,1.3333333333333333,1.3333333333333333,1.3333333333333333,0.3333333333333333,0.3333333333333333,0.3333333333333333,2.4e-05,0.024,0.024,0.024,0.48
cheapest_insertion,group_02_instance_04_customers_50_depots_4_salesmen_10_random,random,1,1,1,1.0,research_until_25000,4,50,10,True,11409.999199163667,11409.999199163667,11409.999199163667,0.7060447771525965,0.7060447771525965,0.7060447771525965,1.5,1.5,1.5,0.5,0.5,0.5,2.7e-05,0.027,0.027,0.027,0.54
nearest_neighbour,group_02_instance_04_customers_50_depots_4_salesmen_10_random,random,1,1,1,1.0,research_until_25000,4,50,10,True,11936.146873474981,11936.146873474981,11936.146873474981,0.7847153779214027,0.7847153779214027,0.7847153779214027,1.0,1.0,1.0,0.0,0.0,0.0,1.7999999999999997e-05,0.018,0.018,0.018,0.36
random_insertion,group_02_instance_04_customers_50_depots_4_salesmen_10_random,random,1,1,1,1.0,research_until_25000,4,50,10,True,6687.983429255037,6687.983429255037,6687.983429255037,0.0,0.0,0.0,1.7777777777777777,1.7777777777777777,1.7777777777777777,0.7777777777777778,0.7777777777777778,0.7777777777777778,3.2e-05,0.032,0.032,0.032,0.64
cheapest_insertion,group_02_instance_05_customers_50_depots_3_salesmen_7_random,random,1,1,1,1.0,research_until_25000,3,50,7,True,10585.996605414826,10585.996605414826,10585.996605414826,0.6762904408256994,0.6762904408256994,0.6762904408256994,1.5,1.5,1.5,0.5,0.5,0.5,2.4e-05,0.024,0.024,0.024,0.48
nearest_neighbour,group_02_instance_05_customers_50_depots_3_salesmen_7_random,random,1,1,1,1.0,research_until_25000,3,50,7,True,11603.596973873584,11603.596973873584,11603.596973873584,0.8374272552240337,0.8374272552240337,0.8374272552240337,1.0,1.0,1.0,0.0,0.0,0.0,1.6e-05,0.016,0.016,0.016,0.32
random_insertion,group_02_instance_05_customers_50_depots_3_salesmen_7_random,random,1,1,1,1.0,research_until_25000,3,50,7,True,6315.132716619457,6315.132716619457,6315.132716619457,0.0,0.0,0.0,1.5625,1.5625,1.5625,0.5625,0.5625,0.5625,2.5e-05,0.025,0.025,0.025,0.5
cheapest_insertion,group_02_instance_06_customers_50_depots_4_salesmen_6_random,random,1,1,1,1.0,research_until_25000,4,50,6,True,8644.274315698394,8644.274315698394,8644.274315698394,0.22942928405560226,0.22942928405560226,0.22942928405560226,1.434782608695652,1.434782608695652,1.434782608695652,0.43478260869565216,0.43478260869565216,0.43478260869565216,3.3e-05,0.033,0.033,0.033,0.66
nearest_neighbour,group_02_instance_06_customers_50_depots_4_salesmen_6_random,random,1,1,1,1.0,research_until_25000,4,50,6,True,9467.968958516209,9467.968958516209,9467.968958516209,0.3465790039760909,0.3465790039760909,0.3465790039760909,1.0,1.0,1.0,0.0,0.0,0.0,2.3e-05,0.023,0.023,0.023,0.46
random_insertion,group_02_instance_06_customers_50_depots_4_salesmen_6_random,random,1,1,1,1.0,research_until_25000,4,50,6,True,7031.1277173933395,7031.1277173933395,7031.1277173933395,0.0,0.0,0.0,1.0869565217391304,1.0869565217391304,1.0869565217391304,0.08695652173913043,0.08695652173913043,0.08695652173913043,2.5e-05,0.025,0.025,0.025,0.5
cheapest_insertion,group_02_instance_07_customers_50_depots_4_salesmen_5_random,random,1,1,1,1.0,research_until_25000,4,50,5,True,6317.241026383329,6317.241026383329,6317.241026383329,0.1523950975325175,0.1523950975325175,0.1523950975325175,1.2083333333333333,1.2083333333333333,1.2083333333333333,0.20833333333333334,0.20833333333333334,0.20833333333333334,2.9e-05,0.029,0.029,0.029,0.58
nearest_neighbour,group_02_instance_07_customers_50_depots_4_salesmen_5_random,random,1,1,1,1.0,research_until_25000,4,50,5,True,6535.887599483663,6535.887599483663,6535.887599483663,0.19228074347839696,0.19228074347839696,0.19228074347839696,1.2083333333333333,1.2083333333333333,1.2083333333333333,0.20833333333333334,0.20833333333333334,0.20833333333333334,2.9e-05,0.029,0.029,0.029,0.58
random_insertion,group_02_instance_07_customers_50_depots_4_salesmen_5_random,random,1,1,1,1.0,research_until_25000,4,50,5,True,5481.836082008387,5481.836082008387,5481.836082008387,0.0,0.0,0.0,1.0,1.0,1.0,0.0,0.0,0.0,2.4e-05,0.024,0.024,0.024,0.48
cheapest_insertion,group_02_instance_08_customers_50_depots_4_salesmen_11_random,random,1,1,1,1.0,research_until_25000,4,50,11,True,14511.327554293981,14511.327554293981,14511.327554293981,1.123225061671709,1.123225061671709,1.123225061671709,1.0416666666666667,1.0416666666666667,1.0416666666666667,0.041666666666666664,0.041666666666666664,0.041666666666666664,2.5e-05,0.025,0.025,0.025,0.5
nearest_neighbour,group_02_instance_08_customers_50_depots_4_salesmen_11_random,random,1,1,1,1.0,research_until_25000,4,50,11,True,15624.635028079412,15624.635028079412,15624.635028079412,1.2861186577843668,1.2861186577843668,1.2861186577843668,1.0,1.0,1.0,0.0,0.0,0.0,2.4e-05,0.024,0.024,0.024,0.48
random_insertion,group_02_instance_08_customers_50_depots_4_salesmen_11_random,random,1,1,1,1.0,research_until_25000,4,50,11,True,6834.568702231016,6834.568702231016,6834.568702231016,0.0,0.0,0.0,1.0416666666666667,1.0416666666666667,1.0416666666666667,0.041666666666666664,0.041666666666666664,0.041666666666666664,2.5e-05,0.025,0.025,0.025,0.5
cheapest_insertion,group_02_instance_09_customers_50_depots_5_salesmen_10_random,random,1,1,1,1.0,research_until_25000,5,50,10,True,9989.543919850126,9989.543919850126,9989.543919850126,0.4482423474488692,0.4482423474488692,0.4482423474488692,1.5294117647058822,1.5294117647058822,1.5294117647058822,0.5294117647058824,0.5294117647058824,0.5294117647058824,2.6e-05,0.026,0.026,0.026,0.52
nearest_neighbour,group_02_instance_09_customers_50_depots_5_salesmen_10_random,random,1,1,1,1.0,research_until_25000,5,50,10,True,11056.02031841064,11056.02031841064,11056.02031841064,0.6028556406424654,0.6028556406424654,0.6028556406424654,1.0,1.0,1.0,0.0,0.0,0.0,1.7e-05,0.017,0.017,0.017,0.34
random_insertion,group_02_instance_09_customers_50_depots_5_salesmen_10_random,random,1,1,1,1.0,research_until_25000,5,50,10,True,6897.701850416863,6897.701850416863,6897.701850416863,0.0,0.0,0.0,1.3529411764705883,1.3529411764705883,1.3529411764705883,0.35294117647058826,0.35294117647058826,0.35294117647058826,2.3e-05,0.023,0.023,0.023,0.46
cheapest_insertion,group_02_instance_10_customers_50_depots_4_salesmen_20_random,random,1,1,1,1.0,research_until_25000,4,50,20,True,15183.58205902334,15183.58205902334,15183.58205902334,1.4192681356804286,1.4192681356804286,1.4192681356804286,2.1333333333333333,2.1333333333333333,2.1333333333333333,1.1333333333333333,1.1333333333333333,1.1333333333333333,3.2e-05,0.032,0.032,0.032,0.64
nearest_neighbour,group_02_instance_10_customers_50_depots_4_salesmen_20_random,random,1,1,1,1.0,research_until_25000,4,50,20,True,15418.920506055209,15418.920506055209,15418.920506055209,1.4567656645106803,1.4567656645106803,1.4567656645106803,1.0,1.0,1.0,0.0,0.0,0.0,1.4999999999999999e-05,0.015,0.015,0.015,0.3
random_insertion,group_02_instance_10_customers_50_depots_4_salesmen_20_random,random,1,1,1,1.0,research_until_25000,4,50,20,True,6276.105502771356,6276.105502771356,6276.105502771356,0.0,0.0,0.0,1.6,1.6,1.6,0.6,0.6,0.6,2.4e-05,0.024,0.024,0.024,0.48
cheapest_insertion,group_03_instance_01_customers_500_depots_5_salesmen_21_random,random,1,1,1,1.0,research_until_25000,5,500,21,True,45421.77618774656,45421.77618774656,45421.77618774656,1.406591722197657,1.406591722197657,1.406591722197657,2.264957264957265,2.264957264957265,2.264957264957265,1.264957264957265,1.264957264957265,1.264957264957265,0.00106,1.06,1.06,1.06,2.12
nearest_neighbour,group_03_instance_01_customers_500_depots_5_salesmen_21_random,random,1,1,1,1.0,research_until_25000,5,500,21,True,49405.04714011442,49405.04714011442,49405.04714011442,1.6176382224845591,1.6176382224845591,1.6176382224845591,1.0,1.0,1.0,0.0,0.0,0.0,0.00046800000000000005,0.468,0.468,0.468,0.936
random_insertion,group_03_instance_01_customers_500_depots_5_salesmen_21_random,random,1,1,1,1.0,research_until_25000,5,500,21,True,18873.901945556514,18873.901945556514,18873.901945556514,0.0,0.0,0.0,2.269230769230769,2.269230769230769,2.269230769230769,1.2692307692307692,1.2692307692307692,1.2692307692307692,0.001062,1.062,1.062,1.062,2.124
cheapest_insertion,group_03_instance_02_customers_500_depots_3_salesmen_10_random,random,1,1,1,1.0,research_until_25000,3,500,10,True,39112.231625311884,39112.231625311884,39112.231625311884,1.0234383552067157,1.0234383552067157,1.0234383552067157,3.391304347826087,3.391304347826087,3.391304347826087,2.391304347826087,2.391304347826087,2.391304347826087,0.001638,1.638,1.638,1.638,3.276
nearest_neighbour,group_03_instance_02_customers_500_depots_3_salesmen_10_random,random,1,1,1,1.0,research_until_25000,3,500,10,True,42353.10298904804,42353.10298904804,42353.10298904804,1.1911021051173944,1.1911021051173944,1.1911021051173944,1.0,1.0,1.0,0.0,0.0,0.0,0.000483,0.483,0.483,0.483,0.966
random_insertion,group_03_instance_02_customers_500_depots_3_salesmen_10_random,random,1,1,1,1.0,research_until_25000,3,500,10,True,19329.588927020293,19329.588927020293,19329.588927020293,0.0,0.0,0.0,2.0869565217391304,2.0869565217391304,2.0869565217391304,1.0869565217391304,1.0869565217391304,1.0869565217391304,0.001008,1.008,1.008,1.008,2.016
cheapest_insertion,group_03_instance_03_customers_500_depots_3_salesmen_12_random,random,1,1,1,1.0,research_until_25000,3,500,12,True,42828.61257756931,42828.61257756931,42828.61257756931,1.2073946280672454,1.2073946280672454,1.2073946280672454,4.067368421052632,4.067368421052632,4.067368421052632,3.0673684210526315,3.0673684210526315,3.0673684210526315,0.001932,1.932,1.932,1.932,3.864
nearest_neighbour,group_03_instance_03_customers_500_depots_3_salesmen_12_random,random,1,1,1,1.0,research_until_25000,3,500,12,True,46331.0736355126,46331.0736355126,46331.0736355126,1.3879121199732958,1.3879121199732958,1.3879121199732958,1.0,1.0,1.0,0.0,0.0,0.0,0.000475,0.475,0.475,0.475,0.95
random_insertion,group_03_instance_03_customers_500_depots_3_salesmen_12_random,random,1,1,1,1.0,research_until_25000,3,500,12,True,19402.336144611018,19402.336144611018,19402.336144611018,0.0,0.0,0.0,2.056842105263158,2.056842105263158,2.056842105263158,1.0568421052631578,1.0568421052631578,1.0568421052631578,0.000977,0.977,0.977,0.977,1.954
cheapest_insertion,group_03_instance_04_customers_500_depots_5_salesmen_19_random,random,1,1,1,1.0,research_until_25000,5,500,19,True,42571.18806679997,42571.18806679997,42571.18806679997,1.2115632490679191,1.2115632490679191,1.2115632490679191,1.7406855439642326,1.7406855439642326,1.7406855439642326,0.7406855439642325,0.7406855439642325,0.7406855439642325,0.001168,1.168,1.168,1.168,2.336
nearest_neighbour,group_03_instance_04_customers_500_depots_5_salesmen_19_random,random,1,1,1,1.0,research_until_25000,5,500,19,True,45775.00018736814,45775.00018736814,45775.00018736814,1.3780005383361658,1.3780005383361658,1.3780005383361658,1.0,1.0,1.0,0.0,0.0,0.0,0.000671,0.671,0.671,0.671,1.342
random_insertion,group_03_instance_04_customers_500_depots_5_salesmen_19_random,random,1,1,1,1.0,research_until_25000,5,500,19,True,19249.36493891456,19249.36493891456,19249.36493891456,0.0,0.0,0.0,1.503725782414307,1.503725782414307,1.503725782414307,0.503725782414307,0.503725782414307,0.503725782414307,0.001009,1.009,1.009,1.009,2.018
cheapest_insertion,group_03_instance_05_customers_500_depots_3_salesmen_6_random,random,1,1,1,1.0,research_until_25000,3,500,6,True,29215.807919280614,29215.807919280614,29215.807919280614,0.5340558453203009,0.5340558453203009,0.5340558453203009,4.300970873786408,4.300970873786408,4.300970873786408,3.3009708737864076,3.3009708737864076,3.3009708737864076,0.002215,2.215,2.215,2.215,4.43
nearest_neighbour,group_03_instance_05_customers_500_depots_3_salesmen_6_random,random,1,1,1,1.0,research_until_25000,3,500,6,True,33088.39858137498,33088.39858137498,33088.39858137498,0.7373968023163299,0.7373968023163299,0.7373968023163299,1.0,1.0,1.0,0.0,0.0,0.0,0.000515,0.515,0.515,0.515,1.03
random_insertion,group_03_instance_05_customers_500_depots_3_salesmen_6_random,random,1,1,1,1.0,research_until_25000,3,500,6,True,19044.81379110455,19044.81379110455,19044.81379110455,0.0,0.0,0.0,2.021359223300971,2.021359223300971,2.021359223300971,1.021359223300971,1.021359223300971,1.021359223300971,0.0010409999999999998,1.041,1.041,1.041,2.082
cheapest_insertion,group_03_instance_06_customers_500_depots_3_salesmen_3_random,random,1,1,1,1.0,research_until_25000,3,500,3,True,20833.235936503715,20833.235936503715,20833.235936503715,0.10037310563358473,0.10037310563358473,0.10037310563358473,23.83955223880597,23.83955223880597,23.83955223880597,22.83955223880597,22.83955223880597,22.83955223880597,0.012778000000000001,12.778,12.778,12.778,25.556
nearest_neighbour,group_03_instance_06_customers_500_depots_3_salesmen_3_random,random,1,1,1,1.0,research_until_25000,3,500,3,True,21582.4648166367,21582.4648166367,21582.4648166367,0.13994599350251863,0.13994599350251863,0.13994599350251863,1.0,1.0,1.0,0.0,0.0,0.0,0.000536,0.536,0.536,0.536,1.072
random_insertion,group_03_instance_06_customers_500_depots_3_salesmen_3_random,random,1,1,1,1.0,research_until_25000,3,500,3,True,18932.883609971665,18932.883609971665,18932.883609971665,0.0,0.0,0.0,1.9682835820895523,1.9682835820895523,1.9682835820895523,0.9682835820895522,0.9682835820895522,0.9682835820895522,0.001055,1.055,1.055,1.055,2.11
cheapest_insertion,group_03_instance_07_customers_500_depots_5_salesmen_20_random,random,1,1,1,1.0,research_until_25000,5,500,20,True,42581.137313167994,42581.137313167994,42581.137313167994,1.1880556767598032,1.1880556767598032,1.1880556767598032,2.9483471074380163,2.9483471074380163,2.9483471074380163,1.9483471074380165,1.9483471074380165,1.9483471074380165,0.001427,1.427,1.427,1.427,2.854
nearest_neighbour,group_03_instance_07_customers_500_depots_5_salesmen_20_random,random,1,1,1,1.0,research_until_25000,5,500,20,True,46777.78547929562,46777.78547929562,46777.78547929562,1.4037028018172057,1.4037028018172057,1.4037028018172057,1.0,1.0,1.0,0.0,0.0,0.0,0.000484,0.484,0.484,0.484,0.968
random_insertion,group_03_instance_07_customers_500_depots_5_salesmen_20_random,random,1,1,1,1.0,research_until_25000,5,500,20,True,19460.719288562417,19460.719288562417,19460.719288562417,0.0,0.0,0.0,2.1301652892561984,2.1301652892561984,2.1301652892561984,1.1301652892561984,1.1301652892561984,1.1301652892561984,0.001031,1.031,1.031,1.031,2.062
cheapest_insertion,group_03_instance_08_customers_500_depots_3_salesmen_7_random,random,1,1,1,1.0,research_until_25000,3,500,7,True,31354.54180040611,31354.54180040611,31354.54180040611,0.6631353566607839,0.6631353566607839,0.6631353566607839,4.9523809523809526,4.9523809523809526,4.9523809523809526,3.9523809523809526,3.9523809523809526,3.9523809523809526,0.002496,2.496,2.496,2.496,4.992
nearest_neighbour,group_03_instance_08_customers_500_depots_3_salesmen_7_random,random,1,1,1,1.0,research_until_25000,3,500,7,True,33392.318963475576,33392.318963475576,33392.318963475576,0.771224936488509,0.771224936488509,0.771224936488509,1.0,1.0,1.0,0.0,0.0,0.0,0.000504,0.504,0.504,0.504,1.008
random_insertion,group_03_instance_08_customers_500_depots_3_salesmen_7_random,random,1,1,1,1.0,research_until_25000,3,500,7,True,18852.669853257914,18852.669853257914,18852.669853257914,0.0,0.0,0.0,2.0992063492063493,2.0992063492063493,2.0992063492063493,1.0992063492063493,1.0992063492063493,1.0992063492063493,0.0010580000000000001,1.058,1.058,1.058,2.116
cheapest_insertion,group_03_instance_09_customers_500_depots_4_salesmen_8_random,random,1,1,1,1.0,research_until_25000,4,500,8,True,29742.8163676428,29742.8163676428,29742.8163676428,0.5584444996260813,0.5584444996260813,0.5584444996260813,3.4493927125506074,3.4493927125506074,3.4493927125506074,2.4493927125506074,2.4493927125506074,2.4493927125506074,0.001704,1.704,1.704,1.704,3.408
nearest_neighbour,group_03_instance_09_customers_500_depots_4_salesmen_8_random,random,1,1,1,1.0,research_until_25000,4,500,8,True,31419.456102289412,31419.456102289412,31419.456102289412,0.6462959639936983,0.6462959639936983,0.6462959639936983,1.0,1.0,1.0,0.0,0.0,0.0,0.000494,0.494,0.494,0.494,0.988
random_insertion,group_03_instance_09_customers_500_depots_4_salesmen_8_random,random,1,1,1,1.0,research_until_25000,4,500,8,True,19084.93781766307,19084.93781766307,19084.93781766307,0.0,0.0,0.0,1.8400809716599191,1.8400809716599191,1.8400809716599191,0.840080971659919,0.840080971659919,0.840080971659919,0.000909,0.909,0.909,0.909,1.818
cheapest_insertion,group_03_instance_10_customers_500_depots_5_salesmen_18_random,random,1,1,1,1.0,research_until_25000,5,500,18,True,41973.731449152154,41973.731449152154,41973.731449152154,1.192689774268276,1.192689774268276,1.192689774268276,2.13855421686747,2.13855421686747,2.13855421686747,1.1385542168674698,1.1385542168674698,1.1385542168674698,0.001065,1.065,1.065,1.065,2.13
nearest_neighbour,group_03_instance_10_customers_500_depots_5_salesmen_18_random,random,1,1,1,1.0,research_until_25000,5,500,18,True,45199.84765830224,45199.84765830224,45199.84765830224,1.3612207048807703,1.3612207048807703,1.3612207048807703,1.0,1.0,1.0,0.0,0.0,0.0,0.000498,0.498,0.498,0.498,0.996
random_insertion,group_03_instance_10_customers_500_depots_5_salesmen_18_random,random,1,1,1,1.0,research_until_25000,5,500,18,True,19142.57636521301,19142.57636521301,19142.57636521301,0.0,0.0,0.0,1.8253012048192772,1.8253012048192772,1.8253012048192772,0.8253012048192772,0.8253012048192772,0.8253012048192772,0.000909,0.909,0.909,0.909,1.818
cheapest_insertion,group_04_instance_01_customers_1000_depots_6_salesmen_11_random,random,1,1,1,1.0,research_until_25000,6,1000,11,True,37332.949723937556,37332.949723937556,37332.949723937556,0.38470479480641384,0.38470479480641384,0.38470479480641384,4.547261146496815,4.547261146496815,4.547261146496815,3.5472611464968153,3.5472611464968153,3.5472611464968153,0.017848,17.848,17.848,17.848,17.848
nearest_neighbour,group_04_instance_01_customers_1000_depots_6_salesmen_11_random,random,1,1,1,1.0,research_until_25000,6,1000,11,True,39671.849764646366,39671.849764646366,39671.849764646366,0.4714562067599619,0.4714562067599619,0.4714562067599619,1.0,1.0,1.0,0.0,0.0,0.0,0.003925,3.925,3.925,3.925,3.925
random_insertion,group_04_instance_01_customers_1000_depots_6_salesmen_11_random,random,1,1,1,1.0,research_until_25000,6,1000,11,True,26960.94493495043,26960.94493495043,26960.94493495043,0.0,0.0,0.0,1.8321019108280254,1.8321019108280254,1.8321019108280254,0.8321019108280254,0.8321019108280254,0.8321019108280254,0.0071909999999999995,7.191,7.191,7.191,7.191
cheapest_insertion,group_04_instance_02_customers_1000_depots_5_salesmen_19_random,random,1,1,1,1.0,research_until_25000,5,1000,19,True,57694.41490264464,57694.41490264464,57694.41490264464,1.1923028785327245,1.1923028785327245,1.1923028785327245,2.549926362297496,2.549926362297496,2.549926362297496,1.5499263622974964,1.5499263622974964,1.5499263622974964,0.008657,8.657,8.657,8.657,8.657
nearest_neighbour,group_04_instance_02_customers_1000_depots_5_salesmen_19_random,random,1,1,1,1.0,research_until_25000,5,1000,19,True,61948.658049961276,61948.658049961276,61948.658049961276,1.3539578587171732,1.3539578587171732,1.3539578587171732,1.0,1.0,1.0,0.0,0.0,0.0,0.003395,3.395,3.395,3.395,3.395
random_insertion,group_04_instance_02_customers_1000_depots_5_salesmen_19_random,random,1,1,1,1.0,research_until_25000,5,1000,19,True,26316.808442663107,26316.808442663107,26316.808442663107,0.0,0.0,0.0,2.0350515463917525,2.0350515463917525,2.0350515463917525,1.0350515463917527,1.0350515463917527,1.0350515463917527,0.006909,6.909,6.909,6.909,6.909
cheapest_insertion,group_04_instance_03_customers_1000_depots_7_salesmen_19_random,random,1,1,1,1.0,research_until_25000,7,1000,19,True,52390.03637530137,52390.03637530137,52390.03637530137,0.9200815172377069,0.9200815172377069,0.9200815172377069,2.498668245042912,2.498668245042912,2.498668245042912,1.498668245042912,1.498668245042912,1.498668245042912,0.008442999999999999,8.443,8.443,8.443,8.443
nearest_neighbour,group_04_instance_03_customers_1000_depots_7_salesmen_19_random,random,1,1,1,1.0,research_until_25000,7,1000,19,True,54803.35134301234,54803.35134301234,54803.35134301234,1.0085288974147413,1.0085288974147413,1.0085288974147413,1.0,1.0,1.0,0.0,0.0,0.0,0.003379,3.379,3.379,3.379,3.379
random_insertion,group_04_instance_03_customers_1000_depots_7_salesmen_19_random,random,1,1,1,1.0,research_until_25000,7,1000,19,True,27285.31882889609,27285.31882889609,27285.31882889609,0.0,0.0,0.0,2.0186445693992305,2.0186445693992305,2.0186445693992305,1.0186445693992305,1.0186445693992305,1.0186445693992305,0.006821,6.821,6.821,6.821,6.821
cheapest_insertion,group_04_instance_04_customers_1000_depots_7_salesmen_12_random,random,1,1,1,1.0,research_until_25000,7,1000,12,True,38657.34383861153,38657.34383861153,38657.34383861153,0.42769600415568126,0.42769600415568126,0.42769600415568126,3.339316734221193,3.339316734221193,3.339316734221193,2.339316734221193,2.339316734221193,2.339316734221193,0.011534,11.534,11.534,11.534,11.534
nearest_neighbour,group_04_instance_04_customers_1000_depots_7_salesmen_12_random,random,1,1,1,1.0,research_until_25000,7,1000,12,True,42044.81842698486,42044.81842698486,42044.81842698486,0.5528024769177585,0.5528024769177585,0.5528024769177585,1.0,1.0,1.0,0.0,0.0,0.0,0.003454,3.454,3.454,3.454,3.454
random_insertion,group_04_instance_04_customers_1000_depots_7_salesmen_12_random,random,1,1,1,1.0,research_until_25000,7,1000,12,True,27076.73323038606,27076.73323038606,27076.73323038606,0.0,0.0,0.0,2.0949623624782863,2.0949623624782863,2.0949623624782863,1.094962362478286,1.094962362478286,1.094962362478286,0.007235999999999999,7.236,7.236,7.236,7.236
cheapest_insertion,group_04_instance_05_customers_1000_depots_10_salesmen_23_random,random,1,1,1,1.0,research_until_25000,10,1000,23,True,43332.162809463756,43332.162809463756,43332.162809463756,0.628448705715475,0.628448705715475,0.628448705715475,2.373108763916643,2.373108763916643,2.373108763916643,1.3731087639166428,1.3731087639166428,1.3731087639166428,0.008313000000000001,8.313,8.313,8.313,8.313
nearest_neighbour,group_04_instance_05_customers_1000_depots_10_salesmen_23_random,random,1,1,1,1.0,research_until_25000,10,1000,23,True,47248.7458259863,47248.7458259863,47248.7458259863,0.7756362479604328,0.7756362479604328,0.7756362479604328,1.0,1.0,1.0,0.0,0.0,0.0,0.003503,3.503,3.503,3.503,3.503
random_insertion,group_04_instance_05_customers_1000_depots_10_salesmen_23_random,random,1,1,1,1.0,research_until_25000,10,1000,23,True,26609.47357898224,26609.47357898224,26609.47357898224,0.0,0.0,0.0,2.113616899800171,2.113616899800171,2.113616899800171,1.1136168998001712,1.1136168998001712,1.1136168998001712,0.007404,7.404,7.404,7.404,7.404
cheapest_insertion,group_05_instance_01_customers_10000_depots_1_salesmen_6_random,random,1,1,1,1.0,research_until_25000,1,10000,6,True,214289.63192195984,214289.63192195984,214289.63192195984,1.6008553665030536,1.6008553665030536,1.6008553665030536,62.92307256148164,62.92307256148164,62.92307256148164,61.92307256148164,61.92307256148164,61.92307256148164,36.621417,36621.417,36621.417,36621.417,3662.1417
nearest_neighbour,group_05_instance_01_customers_10000_depots_1_salesmen_6_random,random,1,1,1,1.0,research_until_25000,1,10000,6,True,224706.12827117956,224706.12827117956,224706.12827117956,1.7272814571498187,1.7272814571498187,1.7272814571498187,1.0,1.0,1.0,0.0,0.0,0.0,0.582003,582.003,582.003,582.003,58.2003
random_insertion,group_05_instance_01_customers_10000_depots_1_salesmen_6_random,random,1,1,1,1.0,research_until_25000,1,10000,6,True,82391.98329974042,82391.98329974042,82391.98329974042,0.0,0.0,0.0,2.1052829624589564,2.1052829624589564,2.1052829624589564,1.1052829624589564,1.1052829624589564,1.1052829624589564,1.2252809999999998,1225.281,1225.281,1225.281,122.5281
cheapest_insertion,group_05_instance_02_customers_10000_depots_2_salesmen_9_random,random,1,1,1,1.0,research_until_25000,2,10000,9,True,183038.17592392222,183038.17592392222,183038.17592392222,1.2316451288422758,1.2316451288422758,1.2316451288422758,52.40397701204936,52.40397701204936,52.40397701204936,51.40397701204936,51.40397701204936,51.40397701204936,21.702059000000002,21702.059,21702.059,21702.059,2170.2059
nearest_neighbour,group_05_instance_02_customers_10000_depots_2_salesmen_9_random,random,1,1,1,1.0,research_until_25000,2,10000,9,True,191513.8358000996,191513.8358000996,191513.8358000996,1.3349823970428552,1.3349823970428552,1.3349823970428552,1.0,1.0,1.0,0.0,0.0,0.0,0.41413,414.13,414.13,414.13,41.413
random_insertion,group_05_instance_02_customers_10000_depots_2_salesmen_9_random,random,1,1,1,1.0,research_until_25000,2,10000,9,True,82019.39168476936,82019.39168476936,82019.39168476936,0.0,0.0,0.0,2.3935237727283702,2.3935237727283702,2.3935237727283702,1.3935237727283702,1.3935237727283702,1.3935237727283702,0.99123,991.23,991.23,991.23,99.123
cheapest_insertion,group_05_instance_03_customers_10000_depots_3_salesmen_18_random,random,1,1,1,1.0,research_until_25000,3,10000,18,True,217046.53169280247,217046.53169280247,217046.53169280247,1.6389180890803725,1.6389180890803725,1.6389180890803725,29.82865877716806,29.82865877716806,29.82865877716806,28.82865877716806,28.82865877716806,28.82865877716806,12.322905,12322.905,12322.905,12322.905,1232.2905
nearest_neighbour,group_05_instance_03_customers_10000_depots_3_salesmen_18_random,random,1,1,1,1.0,research_until_25000,3,10000,18,True,225515.39552808867,225515.39552808867,225515.39552808867,1.7418851247413087,1.7418851247413087,1.7418851247413087,1.0,1.0,1.0,0.0,0.0,0.0,0.413123,413.123,413.123,413.123,41.3123
random_insertion,group_05_instance_03_customers_10000_depots_3_salesmen_18_random,random,1,1,1,1.0,research_until_25000,3,10000,18,True,82248.30190483111,82248.30190483111,82248.30190483111,0.0,0.0,0.0,2.4364947001256283,2.4364947001256283,2.4364947001256283,1.4364947001256285,1.4364947001256285,1.4364947001256285,1.006572,1006.572,1006.572,1006.572,100.6572
cheapest_insertion,group_05_instance_04_customers_10000_depots_1_salesmen_8_random,random,1,1,1,1.0,research_until_25000,1,10000,8,True,247120.85459347317,247120.85459347317,247120.85459347317,2.021952692058655,2.021952692058655,2.021952692058655,46.79841653775174,46.79841653775174,46.79841653775174,45.79841653775174,45.79841653775174,45.79841653775174,19.75422,19754.22,19754.22,19754.22,1975.422
nearest_neighbour,group_05_instance_04_customers_10000_depots_1_salesmen_8_random,random,1,1,1,1.0,research_until_25000,1,10000,8,True,254940.61791424634,254940.61791424634,254940.61791424634,2.1175777855269753,2.1175777855269753,2.1175777855269753,1.0,1.0,1.0,0.0,0.0,0.0,0.422113,422.113,422.113,422.113,42.2113
random_insertion,group_05_instance_04_customers_10000_depots_1_salesmen_8_random,random,1,1,1,1.0,research_until_25000,1,10000,8,True,81775.22276999187,81775.22276999187,81775.22276999187,0.0,0.0,0.0,2.8204698741806102,2.8204698741806102,2.8204698741806102,1.8204698741806105,1.8204698741806105,1.8204698741806105,1.190557,1190.557,1190.557,1190.557,119.0557
cheapest_insertion,group_05_instance_05_customers_10000_depots_2_salesmen_9_random,random,1,1,1,1.0,research_until_25000,2,10000,9,True,188267.16722380102,188267.16722380102,188267.16722380102,1.2885662741784307,1.2885662741784307,1.2885662741784307,36.53066324527724,36.53066324527724,36.53066324527724,35.53066324527724,35.53066324527724,35.53066324527724,15.261196,15261.196,15261.196,15261.196,1526.1196
nearest_neighbour,group_05_instance_05_customers_10000_depots_2_salesmen_9_random,random,1,1,1,1.0,research_until_25000,2,10000,9,True,197138.83291817084,197138.83291817084,197138.83291817084,1.3964097989061655,1.3964097989061655,1.3964097989061655,1.0,1.0,1.0,0.0,0.0,0.0,0.417764,417.764,417.764,417.764,41.7764
random_insertion,group_05_instance_05_customers_10000_depots_2_salesmen_9_random,random,1,1,1,1.0,research_until_25000,2,10000,9,True,82264.24086905099,82264.24086905099,82264.24086905099,0.0,0.0,0.0,2.3726075008856675,2.3726075008856675,2.3726075008856675,1.3726075008856675,1.3726075008856675,1.3726075008856675,0.99119,991.19,991.19,991.19,99.119
cheapest_insertion,group_06_instance_01_customers_10000_depots_7_salesmen_16_clustered,clustered,1,1,1,1.0,research_until_25000,7,10000,16,True,67497.41162358684,67497.41162358684,67497.41162358684,0.665047034458369,0.665047034458369,0.665047034458369,28.687427862419206,28.687427862419206,28.687427862419206,27.687427862419206,27.687427862419206,27.687427862419206,11.930298,11930.298,11930.298,11930.298,1193.0298
nearest_neighbour,group_06_instance_01_customers_10000_depots_7_salesmen_16_clustered,clustered,1,1,1,1.0,research_until_25000,7,10000,16,True,72495.62201813894,72495.62201813894,72495.62201813894,0.7883444349788322,0.7883444349788322,0.7883444349788322,1.0,1.0,1.0,0.0,0.0,0.0,0.415872,415.872,415.872,415.872,41.5872
random_insertion,group_06_instance_01_customers_10000_depots_7_salesmen_16_clustered,clustered,1,1,1,1.0,research_until_25000,7,10000,16,True,40537.840809730274,40537.840809730274,40537.840809730274,0.0,0.0,0.0,2.0728998345644816,2.0728998345644816,2.0728998345644816,1.0728998345644813,1.0728998345644813,1.0728998345644813,0.8620610000000001,862.061,862.061,862.061,86.2061
cheapest_insertion,group_06_instance_02_customers_10000_depots_6_salesmen_41_clustered,clustered,1,1,1,1.0,research_until_25000,6,10000,41,True,130929.77767035493,130929.77767035493,130929.77767035493,1.9217648499548177,1.9217648499548177,1.9217648499548177,10.342952203158228,10.342952203158228,10.342952203158228,9.342952203158228,9.342952203158228,9.342952203158228,4.299317,4299.317,4299.317,4299.317,429.9317
nearest_neighbour,group_06_instance_02_customers_10000_depots_6_salesmen_41_clustered,clustered,1,1,1,1.0,research_until_25000,6,10000,41,True,138619.61374423353,138619.61374423353,138619.61374423353,2.093367468872731,2.093367468872731,2.093367468872731,1.0,1.0,1.0,0.0,0.0,0.0,0.415676,415.676,415.676,415.676,41.5676
random_insertion,group_06_instance_02_customers_10000_depots_6_salesmen_41_clustered,clustered,1,1,1,1.0,research_until_25000,6,10000,41,True,44811.880624951606,44811.880624951606,44811.880624951606,0.0,0.0,0.0,2.2771870399060807,2.2771870399060807,2.2771870399060807,1.2771870399060807,1.2771870399060807,1.2771870399060807,0.946572,946.572,946.572,946.572,94.6572
cheapest_insertion,group_06_instance_03_customers_10000_depots_10_salesmen_79_grid,grid,1,1,1,1.0,research_until_25000,10,10000,79,True,268538.1922119298,268538.1922119298,268538.1922119298,1.5587879890720637,1.5587879890720637,1.5587879890720637,2.133157279726807,2.133157279726807,2.133157279726807,1.1331572797268066,1.1331572797268066,1.1331572797268066,0.870774,870.774,870.774,870.774,87.0774
nearest_neighbour,group_06_instance_03_customers_10000_depots_10_salesmen_79_grid,grid,1,1,1,1.0,research_until_25000,10,10000,79,True,289570.13172856835,289570.13172856835,289570.13172856835,1.7591925340598138,1.7591925340598138,1.7591925340598138,1.0,1.0,1.0,0.0,0.0,0.0,0.408209,408.209,408.209,408.209,40.8209
random_insertion,group_06_instance_03_customers_10000_depots_10_salesmen_79_grid,grid,1,1,1,1.0,research_until_25000,10,10000,79,True,104947.41782390277,104947.41782390277,104947.41782390277,0.0,0.0,0.0,1.9922735657469581,1.9922735657469581,1.9922735657469581,0.992273565746958,0.992273565746958,0.992273565746958,0.813264,813.264,813.264,813.264,81.3264
cheapest_insertion,group_06_instance_04_customers_10000_depots_7_salesmen_15_grid,grid,1,1,1,1.0,research_until_25000,7,10000,15,True,141466.78253851426,141466.78253851426,141466.78253851426,0.3476447760361116,0.3476447760361116,0.3476447760361116,10.86710564329738,10.86710564329738,10.86710564329738,9.86710564329738,9.86710564329738,9.86710564329738,4.513761000000001,4513.761,4513.761,4513.761,451.3761
nearest_neighbour,group_06_instance_04_customers_10000_depots_7_salesmen_15_grid,grid,1,1,1,1.0,research_until_25000,7,10000,15,True,153937.53361383444,153937.53361383444,153937.53361383444,0.46644398980437907,0.46644398980437907,0.46644398980437907,1.0,1.0,1.0,0.0,0.0,0.0,0.41536,415.36,415.36,415.36,41.536
random_insertion,group_06_instance_04_customers_10000_depots_7_salesmen_15_grid,grid,1,1,1,1.0,research_until_25000,7,10000,15,True,104973.3468745502,104973.3468745502,104973.3468745502,0.0,0.0,0.0,2.01035968798151,2.01035968798151,2.01035968798151,1.01035968798151,1.01035968798151,1.01035968798151,0.8350230000000001,835.023,835.023,835.023,83.5023
cheapest_insertion,group_06_instance_05_customers_10000_depots_7_salesmen_15_adversarial,adversarial,1,1,1,1.0,research_until_25000,7,10000,15,True,47045.69568850385,47045.69568850385,47045.69568850385,0.5636612898145579,0.5636612898145579,0.5636612898145579,124.56687335150191,124.56687335150191,124.56687335150191,123.56687335150191,123.56687335150191,123.56687335150191,53.98093,53980.93,53980.93,53980.93,5398.093
nearest_neighbour,group_06_instance_05_customers_10000_depots_7_salesmen_15_adversarial,adversarial,1,1,1,1.0,research_until_25000,7,10000,15,True,48113.078152954826,48113.078152954826,48113.078152954826,0.5991379602445095,0.5991379602445095,0.5991379602445095,1.0,1.0,1.0,0.0,0.0,0.0,0.433349,433.349,433.349,433.349,43.3349
random_insertion,group_06_instance_05_customers_10000_depots_7_salesmen_15_adversarial,adversarial,1,1,1,1.0,research_until_25000,7,10000,15,True,30086.883901873167,30086.883901873167,30086.883901873167,0.0,0.0,0.0,2.2083816969694174,2.2083816969694174,2.2083816969694174,1.2083816969694172,1.2083816969694172,1.2083816969694172,0.957,957.0,957.0,957.0,95.7
cheapest_insertion,group_06_instance_06_customers_10000_depots_7_salesmen_33_adversarial,adversarial,1,1,1,1.0,research_until_25000,7,10000,33,True,105262.5724802469,105262.5724802469,105262.5724802469,1.5602707249869765,1.5602707249869765,1.5602707249869765,19.590464067760315,19.590464067760315,19.590464067760315,18.590464067760315,18.590464067760315,18.590464067760315,8.23397,8233.97,8233.97,8233.97,823.397
nearest_neighbour,group_06_instance_06_customers_10000_depots_7_salesmen_33_adversarial,adversarial,1,1,1,1.0,research_until_25000,7,10000,33,True,109853.53604130115,109853.53604130115,109853.53604130115,1.6719353872491007,1.6719353872491007,1.6719353872491007,1.0,1.0,1.0,0.0,0.0,0.0,0.420305,420.305,420.305,420.305,42.0305
random_insertion,group_06_instance_06_customers_10000_depots_7_salesmen_33_adversarial,adversarial,1,1,1,1.0,research_until_25000,7,10000,33,True,41113.844505948626,41113.844505948626,41113.844505948626,0.0,0.0,0.0,2.200775627223088,2.200775627223088,2.200775627223088,1.200775627223088,1.200775627223088,1.200775627223088,0.924997,924.997,924.997,924.997,92.4997
cheapest_insertion,group_06_instance_07_customers_10000_depots_10_salesmen_70_line,line,1,1,1,1.0,research_until_25000,10,10000,70,True,61740.735573132035,61740.735573132035,61740.735573132035,2.308597954256268,2.308597954256268,2.308597954256268,7.344248939452371,7.344248939452371,7.344248939452371,6.344248939452371,6.344248939452371,6.344248939452371,3.046982,3046.982,3046.982,3046.982,304.6982
nearest_neighbour,group_06_instance_07_customers_10000_depots_10_salesmen_70_line,line,1,1,1,1.0,research_until_25000,10,10000,70,True,67306.89634994071,67306.89634994071,67306.89634994071,2.606880570882963,2.606880570882963,2.606880570882963,1.0,1.0,1.0,0.0,0.0,0.0,0.41487999999999997,414.88,414.88,414.88,41.488
random_insertion,group_06_instance_07_customers_10000_depots_10_salesmen_70_line,line,1,1,1,1.0,research_until_25000,10,10000,70,True,18660.694477462006,18660.694477462006,18660.694477462006,0.0,0.0,0.0,2.2753567296567683,2.2753567296567683,2.2753567296567683,1.2753567296567683,1.2753567296567683,1.2753567296567683,0.944,944.0,944.0,944.0,94.4
cheapest_insertion,group_06_instance_08_customers_10000_depots_7_salesmen_45_line,line,1,1,1,1.0,research_until_25000,7,10000,45,True,62763.37686285839,62763.37686285839,62763.37686285839,1.6777499470464778,1.6777499470464778,1.6777499470464778,4.643996545751809,4.643996545751809,4.643996545751809,3.643996545751808,3.643996545751808,3.643996545751808,1.914469,1914.469,1914.469,1914.469,191.4469
nearest_neighbour,group_06_instance_08_customers_10000_depots_7_salesmen_45_line,line,1,1,1,1.0,research_until_25000,7,10000,45,True,69742.09614005615,69742.09614005615,69742.09614005615,1.9754914980755323,1.9754914980755323,1.9754914980755323,1.0,1.0,1.0,0.0,0.0,0.0,0.412246,412.246,412.246,412.246,41.2246
random_insertion,group_06_instance_08_customers_10000_depots_7_salesmen_45_line,line,1,1,1,1.0,research_until_25000,7,10000,45,True,23438.849072552704,23438.849072552704,23438.849072552704,0.0,0.0,0.0,2.2386293620799234,2.2386293620799234,2.2386293620799234,1.2386293620799231,1.2386293620799231,1.2386293620799231,0.922866,922.866,922.866,922.866,92.2866
cheapest_insertion,group_07_instance_01_customers_25000_depots_9_salesmen_20_random,random,1,1,1,1.0,research_until_25000,9,25000,20,True,204624.12135466954,204624.12135466954,204624.12135466954,0.5688158050667954,0.5688158050667954,0.5688158050667954,40.85603638820632,40.85603638820632,40.85603638820632,39.85603638820632,39.85603638820632,39.85603638820632,193.917988,193917.988,193917.988,193917.988,7756.71952
nearest_neighbour,group_07_instance_01_customers_25000_depots_9_salesmen_20_random,random,1,1,1,1.0,research_until_25000,9,25000,20,True,213455.36705796342,213455.36705796342,213455.36705796342,0.6365233546266142,0.6365233546266142,0.6365233546266142,1.0,1.0,1.0,0.0,0.0,0.0,4.746372999999999,4746.373,4746.373,4746.373,189.85492
random_insertion,group_07_instance_01_customers_25000_depots_9_salesmen_20_random,random,1,1,1,1.0,research_until_25000,9,25000,20,True,130432.21562008503,130432.21562008503,130432.21562008503,0.0,0.0,0.0,10.133340131506731,10.133340131506731,10.133340131506731,9.133340131506731,9.133340131506731,9.133340131506731,48.096612,48096.612,48096.612,48096.612,1923.86448
cheapest_insertion,group_07_instance_02_customers_25000_depots_5_salesmen_26_random,random,1,1,1,1.0,research_until_25000,5,25000,26,True,317509.395502783,317509.395502783,317509.395502783,1.4467012834593327,1.4467012834593327,1.4467012834593327,3.2053434941029124,3.2053434941029124,3.2053434941029124,2.2053434941029124,2.2053434941029124,2.2053434941029124,65.44630599999999,65446.306,65446.306,65446.306,2617.85224
nearest_neighbour,group_07_instance_02_customers_25000_depots_5_salesmen_26_random,random,1,1,1,1.0,research_until_25000,5,25000,26,True,332789.59204058495,332789.59204058495,332789.59204058495,1.5644492210324843,1.5644492210324843,1.5644492210324843,1.0,1.0,1.0,0.0,0.0,0.0,20.417876,20417.876,20417.876,20417.876,816.71504
random_insertion,group_07_instance_02_customers_25000_depots_5_salesmen_26_random,random,1,1,1,1.0,research_until_25000,5,25000,26,True,129770.39643101182,129770.39643101182,129770.39643101182,0.0,0.0,0.0,2.586608518927238,2.586608518927238,2.586608518927238,1.586608518927238,1.586608518927238,1.586608518927238,52.813052000000006,52813.052,52813.052,52813.052,2112.52208
