path,status,schema,name,distance_type,return_to_depot,seed,depot_count,customer_count,salesmen_count,node_count,bbox_min_x,bbox_min_y,bbox_max_x,bbox_max_y,warnings_count,errors_count,warnings,errors
/Users/mrggrm/Documents/GitHub/MDMTSP-HSE-RESEARCH/instances/research/group_01/g01_i01_c10_d1_m3_random.json,ok,new,group_01_instance_01_customers_10_depots_1_salesmen_3_random,euclidean,True,911093446,1,10,3,11,119.15145985828124,62.50578424367048,960.0586004608895,839.5366983524461,0,0,,
/Users/mrggrm/Documents/GitHub/MDMTSP-HSE-RESEARCH/instances/research/group_01/g01_i02_c10_d1_m3_random.json,ok,new,group_01_instance_02_customers_10_depots_1_salesmen_3_random,euclidean,True,1006785947,1,10,3,11,55.61920325311576,136.68633958865107,966.6835765239764,936.2829084791163,0,0,,
/Users/mrggrm/Documents/GitHub/MDMTSP-HSE-RESEARCH/instances/research/group_01/g01_i03_c10_d2_m6_random.json,ok,new,group_01_instance_03_customers_10_depots_2_salesmen_6_random,euclidean,True,1562776444,2,10,6,12,8.167059564047396,18.0677703907538,950.2579626843672,938.0268678415297,0,0,,
/Users/mrggrm/Documents/GitHub/MDMTSP-HSE-RESEARCH/instances/research/group_01/g01_i04_c10_d2_m5_random.json,ok,new,group_01_instance_04_customers_10_depots_2_salesmen_5_random,euclidean,True,450270022,2,10,5,12,71.05317158421254,21.58376101987869,897.2876960771245,966.8202559850865,0,0,,
/Users/mrggrm/Documents/GitHub/MDMTSP-HSE-RESEARCH/instances/research/group_01/g01_i05_c10_d2_m4_random.json,ok,new,group_01_instance_05_customers_10_depots_2_salesmen_4_random,euclidean,True,1001589665,2,10,4,12,78.23516357818261,28.294312329749328,874.8226643796472,991.3758913111509,0,0,,
/Users/mrggrm/Documents/GitHub/MDMTSP-HSE-RESEARCH/instances/research/group_01/g01_i06_c10_d3_m4_random.json,ok,new,group_01_instance_06_customers_10_depots_3_salesmen_4_random,euclidean,True,332862782,3,10,4,13,17.047574485253403,169.17974924475942,971.7556884734056,951.261460985801,0,0,,
/Users/mrggrm/Documents/GitHub/MDMTSP-HSE-RESEARCH/instances/research/group_01/g01_i07_c10_d3_m5_random.json,ok,new,group_01_instance_07_customers_10_depots_3_salesmen_5_random,euclidean,True,604686583,3,10,5,13,26.677193323392466,40.600157940336224,913.2018205860644,876.1501697995377,0,0,,
/Users/mrggrm/Documents/GitHub/MDMTSP-HSE-RESEARCH/instances/research/group_01/g01_i08_c10_d2_m2_random.json,ok,new,group_01_instance_08_customers_10_depots_2_salesmen_2_random,euclidean,True,227280617,2,10,2,12,70.77472876246426,37.025015473406086,933.5288236736513,979.7555385495018,0,0,,
/Users/mrggrm/Documents/GitHub/MDMTSP-HSE-RESEARCH/instances/research/group_01/g01_i09_c10_d3_m3_random.json,ok,new,group_01_instance_09_customers_10_depots_3_salesmen_3_random,euclidean,True,1823310911,3,10,3,13,217.9493091336011,54.96501105834917,961.9080095453561,969.1446525256586,0,0,,
/Users/mrggrm/Documents/GitHub/MDMTSP-HSE-RESEARCH/instances/research/group_01/g01_i10_c10_d1_m1_random.json,ok,new,group_01_instance_10_customers_10_depots_1_salesmen_1_random,euclidean,True,2129826785,1,10,1,11,88.56283518787666,164.69661216142018,991.6348958973617,755.6561395371255,0,0,,
/Users/mrggrm/Documents/GitHub/MDMTSP-HSE-RESEARCH/instances/research/group_02/g02_i01_c50_d5_m23_random.json,ok,new,group_02_instance_01_customers_50_depots_5_salesmen_23_random,euclidean,True,1172826122,5,50,23,55,8.12754689824291,0.8862963091617049,967.6821512927418,997.0585930535877,0,0,,
/Users/mrggrm/Documents/GitHub/MDMTSP-HSE-RESEARCH/instances/research/group_02/g02_i02_c50_d3_m3_random.json,ok,new,group_02_instance_02_customers_50_depots_3_salesmen_3_random,euclidean,True,966324588,3,50,3,53,1.859544326091922,15.74184106787435,961.5568455799339,987.0124093206213,0,0,,
/Users/mrggrm/Documents/GitHub/MDMTSP-HSE-RESEARCH/instances/research/group_02/g02_i03_c50_d4_m19_random.json,ok,new,group_02_instance_03_customers_50_depots_4_salesmen_19_random,euclidean,True,281163575,4,50,19,54,72.4382032947165,31.024541043633725,992.0528152124606,994.9342334601982,0,0,,
/Users/mrggrm/Documents/GitHub/MDMTSP-HSE-RESEARCH/instances/research/group_02/g02_i04_c50_d4_m10_random.json,ok,new,group_02_instance_04_customers_50_depots_4_salesmen_10_random,euclidean,True,893755755,4,50,10,54,40.957715109513735,72.4628619842852,974.0186064869885,997.6887388480628,0,0,,
/Users/mrggrm/Documents/GitHub/MDMTSP-HSE-RESEARCH/instances/research/group_02/g02_i05_c50_d3_m7_random.json,ok,new,group_02_instance_05_customers_50_depots_3_salesmen_7_random,euclidean,True,1006432181,3,50,7,53,0.32306491278633054,4.930739894526193,947.0177381198226,953.4709868346134,0,0,,
/Users/mrggrm/Documents/GitHub/MDMTSP-HSE-RESEARCH/instances/research/group_02/g02_i06_c50_d4_m6_random.json,ok,new,group_02_instance_06_customers_50_depots_4_salesmen_6_random,euclidean,True,57600137,4,50,6,54,0.0909861020849112,34.44105576021017,929.5235017446174,984.3311712486939,0,0,,
/Users/mrggrm/Documents/GitHub/MDMTSP-HSE-RESEARCH/instances/research/group_02/g02_i07_c50_d4_m5_random.json,ok,new,group_02_instance_07_customers_50_depots_4_salesmen_5_random,euclidean,True,1959992828,4,50,5,54,13.50870476367727,31.298792253316996,976.6403377635976,998.462475073515,0,0,,
/Users/mrggrm/Documents/GitHub/MDMTSP-HSE-RESEARCH/instances/research/group_02/g02_i08_c50_d4_m11_random.json,ok,new,group_02_instance_08_customers_50_depots_4_salesmen_11_random,euclidean,True,1415371103,4,50,11,54,7.098433290052442,15.114434105544362,988.2700148704907,972.5793842757253,0,0,,
/Users/mrggrm/Documents/GitHub/MDMTSP-HSE-RESEARCH/instances/research/group_02/g02_i09_c50_d5_m10_random.json,ok,new,group_02_instance_09_customers_50_depots_5_salesmen_10_random,euclidean,True,1549427463,5,50,10,55,25.436237660879215,0.071028222171865,999.9254623617674,991.4737384259234,0,0,,
/Users/mrggrm/Documents/GitHub/MDMTSP-HSE-RESEARCH/instances/research/group_02/g02_i10_c50_d4_m20_random.json,ok,new,group_02_instance_10_customers_50_depots_4_salesmen_20_random,euclidean,True,1053926709,4,50,20,54,3.180344609900576,26.437884510578826,985.620863653938,989.1527323403549,0,0,,
/Users/mrggrm/Documents/GitHub/MDMTSP-HSE-RESEARCH/instances/research/group_03/g03_i01_c500_d5_m21_random.json,ok,new,group_03_instance_01_customers_500_depots_5_salesmen_21_random,euclidean,True,1815097820,5,500,21,505,1.8868832194970375,5.901006824200472,987.68569078415,999.819045794116,0,0,,
/Users/mrggrm/Documents/GitHub/MDMTSP-HSE-RESEARCH/instances/research/group_03/g03_i02_c500_d3_m10_random.json,ok,new,group_03_instance_02_customers_500_depots_3_salesmen_10_random,euclidean,True,1014080058,3,500,10,503,0.3775121987832364,2.0412346433578143,999.7685574798128,998.2960849016484,0,0,,
/Users/mrggrm/Documents/GitHub/MDMTSP-HSE-RESEARCH/instances/research/group_03/g03_i03_c500_d3_m12_random.json,ok,new,group_03_instance_03_customers_500_depots_3_salesmen_12_random,euclidean,True,826485606,3,500,12,503,3.1722199426255093,2.0089965610339267,999.3732045536253,998.7264215318474,0,0,,
/Users/mrggrm/Documents/GitHub/MDMTSP-HSE-RESEARCH/instances/research/group_03/g03_i04_c500_d5_m19_random.json,ok,new,group_03_instance_04_customers_500_depots_5_salesmen_19_random,euclidean,True,1559707259,5,500,19,505,3.944157166728912,0.39911092799094217,999.4582053706953,999.5348699567387,0,0,,
/Users/mrggrm/Documents/GitHub/MDMTSP-HSE-RESEARCH/instances/research/group_03/g03_i05_c500_d3_m6_random.json,ok,new,group_03_instance_05_customers_500_depots_3_salesmen_6_random,euclidean,True,537061682,3,500,6,503,1.3515687327129156,3.0069188606863806,997.2305117281036,991.6407868192023,0,0,,
/Users/mrggrm/Documents/GitHub/MDMTSP-HSE-RESEARCH/instances/research/group_03/g03_i06_c500_d3_m3_random.json,ok,new,group_03_instance_06_customers_500_depots_3_salesmen_3_random,euclidean,True,1606981140,3,500,3,503,1.8315216318350869,2.0536784579688883,999.1207621223833,998.6105632070128,0,0,,
/Users/mrggrm/Documents/GitHub/MDMTSP-HSE-RESEARCH/instances/research/group_03/g03_i07_c500_d5_m20_random.json,ok,new,group_03_instance_07_customers_500_depots_5_salesmen_20_random,euclidean,True,1594041862,5,500,20,505,6.756695444073868,2.9919444410847484,997.4217593905563,998.5909373416814,0,0,,
/Users/mrggrm/Documents/GitHub/MDMTSP-HSE-RESEARCH/instances/research/group_03/g03_i08_c500_d3_m7_random.json,ok,new,group_03_instance_08_customers_500_depots_3_salesmen_7_random,euclidean,True,1550714804,3,500,7,503,0.13608724036195952,1.100865660032202,999.804555977957,999.9257234902834,0,0,,
/Users/mrggrm/Documents/GitHub/MDMTSP-HSE-RESEARCH/instances/research/group_03/g03_i09_c500_d4_m8_random.json,ok,new,group_03_instance_09_customers_500_depots_4_salesmen_8_random,euclidean,True,2076735340,4,500,8,504,0.38680030340143556,2.097749293460849,998.6963828023407,998.4080299254019,0,0,,
/Users/mrggrm/Documents/GitHub/MDMTSP-HSE-RESEARCH/instances/research/group_03/g03_i10_c500_d5_m18_random.json,ok,new,group_03_instance_10_customers_500_depots_5_salesmen_18_random,euclidean,True,1020620849,5,500,18,505,0.029656713553039005,4.001014801102487,999.31660046663,998.5467388769767,0,0,,
/Users/mrggrm/Documents/GitHub/MDMTSP-HSE-RESEARCH/instances/research/group_03/g03_i11_c500_d4_m12_adversarial.json,ok,new,g03_i11_c500_d4_m12_adversarial,euclidean,,203600,4,500,12,504,40.0,40.0,960.0,927.312487,0,0,,
/Users/mrggrm/Documents/GitHub/MDMTSP-HSE-RESEARCH/instances/research/group_03/g03_i12_c500_d4_m13_adversarial.json,ok,new,g03_i12_c500_d4_m13_adversarial,euclidean,,203601,4,500,13,504,40.0,40.0,960.0,888.843858,0,0,,
/Users/mrggrm/Documents/GitHub/MDMTSP-HSE-RESEARCH/instances/research/group_03/g03_i13_c500_d4_m12_adversarial.json,ok,new,g03_i13_c500_d4_m12_adversarial,euclidean,,203600,4,500,12,504,40.0,40.0,960.0,927.312487,0,0,,
/Users/mrggrm/Documents/GitHub/MDMTSP-HSE-RESEARCH/instances/research/group_03/g03_i14_c500_d4_m13_adversarial.json,ok,new,g03_i14_c500_d4_m13_adversarial,euclidean,,203601,4,500,13,504,40.0,40.0,960.0,888.843858,0,0,,
/Users/mrggrm/Documents/GitHub/MDMTSP-HSE-RESEARCH/instances/research/group_03/g03_i15_c500_d5_m15_adversarial.json,ok,new,g03_i15_c500_d5_m15_adversarial,euclidean,,203602,5,500,15,505,40.0,40.0,960.0,827.021081,0,0,,
/Users/mrggrm/Documents/GitHub/MDMTSP-HSE-RESEARCH/instances/research/group_03/g03_i16_c500_d4_m12_adversarial.json,ok,new,g03_i16_c500_d4_m12_adversarial,euclidean,,203603,4,500,12,504,40.0,40.0,960.0,740.387097,0,0,,
/Users/mrggrm/Documents/GitHub/MDMTSP-HSE-RESEARCH/instances/research/group_03/g03_i17_c500_d4_m13_adversarial.json,ok,new,g03_i17_c500_d4_m13_adversarial,euclidean,,203604,4,500,13,504,40.0,40.0,960.0,791.431485,0,0,,
/Users/mrggrm/Documents/GitHub/MDMTSP-HSE-RESEARCH/instances/research/group_03/g03_i18_c500_d5_m15_adversarial.json,ok,new,g03_i18_c500_d5_m15_adversarial,euclidean,,203605,5,500,15,505,40.0,40.0,960.0,825.958073,0,0,,
/Users/mrggrm/Documents/GitHub/MDMTSP-HSE-RESEARCH/instances/research/group_03/g03_i19_c500_d4_m12_adversarial.json,ok,new,g03_i19_c500_d4_m12_adversarial,euclidean,,203606,4,500,12,504,40.0,40.0,960.0,804.039108,0,0,,
/Users/mrggrm/Documents/GitHub/MDMTSP-HSE-RESEARCH/instances/research/group_03/g03_i20_c500_d4_m13_adversarial.json,ok,new,g03_i20_c500_d4_m13_adversarial,euclidean,,203607,4,500,13,504,40.0,40.0,960.0,752.039051,0,0,,
/Users/mrggrm/Documents/GitHub/MDMTSP-HSE-RESEARCH/instances/research/group_03/g03_i21_c500_d5_m15_adversarial.json,ok,new,g03_i21_c500_d5_m15_adversarial,euclidean,,203608,5,500,15,505,40.0,40.0,960.0,805.834706,0,0,,
/Users/mrggrm/Documents/GitHub/MDMTSP-HSE-RESEARCH/instances/research/group_03/g03_i22_c500_d4_m12_adversarial.json,ok,new,g03_i22_c500_d4_m12_adversarial,euclidean,,203609,4,500,12,504,40.0,40.0,960.0,786.660692,0,0,,
/Users/mrggrm/Documents/GitHub/MDMTSP-HSE-RESEARCH/instances/research/group_03/g03_i23_c500_d4_m13_adversarial.json,ok,new,g03_i23_c500_d4_m13_adversarial,euclidean,,203610,4,500,13,504,40.0,40.0,960.0,960.0,0,0,,
/Users/mrggrm/Documents/GitHub/MDMTSP-HSE-RESEARCH/instances/research/group_03/g03_i24_c500_d5_m15_adversarial.json,ok,new,g03_i24_c500_d5_m15_adversarial,euclidean,,203611,5,500,15,505,40.0,40.0,960.0,960.0,0,0,,
/Users/mrggrm/Documents/GitHub/MDMTSP-HSE-RESEARCH/instances/research/group_03/g03_i25_c500_d4_m12_adversarial.json,ok,new,g03_i25_c500_d4_m12_adversarial,euclidean,,203612,4,500,12,504,40.0,40.0,960.0,408.0,0,0,,
/Users/mrggrm/Documents/GitHub/MDMTSP-HSE-RESEARCH/instances/research/group_03/g03_i26_c500_d5_m14_adversarial.json,ok,new,g03_i26_c500_d5_m14_adversarial,euclidean,,203613,5,500,14,505,40.0,40.0,960.0,473.714286,0,0,,
/Users/mrggrm/Documents/GitHub/MDMTSP-HSE-RESEARCH/instances/research/group_03/g03_i27_c500_d4_m12_adversarial.json,ok,new,g03_i27_c500_d4_m12_adversarial,euclidean,,203614,4,500,12,504,40.0,40.0,960.0,408.0,0,0,,
/Users/mrggrm/Documents/GitHub/MDMTSP-HSE-RESEARCH/instances/research/group_03/g03_i28_c500_d5_m14_adversarial.json,ok,new,g03_i28_c500_d5_m14_adversarial,euclidean,,203615,5,500,14,505,40.0,40.0,960.0,473.714286,0,0,,
/Users/mrggrm/Documents/GitHub/MDMTSP-HSE-RESEARCH/instances/research/group_03/g03_i29_c500_d4_m12_adversarial.json,ok,new,g03_i29_c500_d4_m12_adversarial,euclidean,,203616,4,500,12,504,40.0,40.0,960.0,408.0,0,0,,
/Users/mrggrm/Documents/GitHub/MDMTSP-HSE-RESEARCH/instances/research/group_03/g03_i30_c500_d5_m14_adversarial.json,ok,new,g03_i30_c500_d5_m14_adversarial,euclidean,,203617,5,500,14,505,40.0,40.0,960.0,473.714286,0,0,,
/Users/mrggrm/Documents/GitHub/MDMTSP-HSE-RESEARCH/instances/research/group_03/g03_i31_c500_d4_m12_adversarial.json,ok,new,g03_i31_c500_d4_m12_adversarial,euclidean,,203618,4,500,12,504,40.0,40.0,960.0,408.0,0,0,,
/Users/mrggrm/Documents/GitHub/MDMTSP-HSE-RESEARCH/instances/research/group_03/g03_i32_c500_d5_m14_adversarial.json,ok,new,g03_i32_c500_d5_m14_adversarial,euclidean,,203619,5,500,14,505,40.0,40.0,960.0,473.714286,0,0,,
/Users/mrggrm/Documents/GitHub/MDMTSP-HSE-RESEARCH/instances/research/group_03/g03_i33_c500_d4_m13_adversarial.json,ok,new,g03_i33_c500_d4_m13_adversarial,euclidean,,203620,4,500,13,504,40.0,40.0,960.0,751.698113,0,0,,
/Users/mrggrm/Documents/GitHub/MDMTSP-HSE-RESEARCH/instances/research/group_03/g03_i34_c500_d5_m16_adversarial.json,ok,new,g03_i34_c500_d5_m16_adversarial,euclidean,,203621,5,500,16,505,40.0,40.0,960.0,751.698113,0,0,,
/Users/mrggrm/Documents/GitHub/MDMTSP-HSE-RESEARCH/instances/research/group_03/g03_i35_c500_d4_m13_adversarial.json,ok,new,g03_i35_c500_d4_m13_adversarial,euclidean,,203622,4,500,13,504,40.0,40.0,960.0,790.305988,0,0,,
/Users/mrggrm/Documents/GitHub/MDMTSP-HSE-RESEARCH/instances/research/group_03/g03_i36_c500_d5_m16_adversarial.json,ok,new,g03_i36_c500_d5_m16_adversarial,euclidean,,203623,5,500,16,505,40.0,40.0,960.0,751.698113,0,0,,
/Users/mrggrm/Documents/GitHub/MDMTSP-HSE-RESEARCH/instances/research/group_03/g03_i37_c500_d4_m13_adversarial.json,ok,new,g03_i37_c500_d4_m13_adversarial,euclidean,,203624,4,500,13,504,40.0,40.0,960.0,751.698113,0,0,,
/Users/mrggrm/Documents/GitHub/MDMTSP-HSE-RESEARCH/instances/research/group_03/g03_i38_c500_d5_m16_adversarial.json,ok,new,g03_i38_c500_d5_m16_adversarial,euclidean,,203625,5,500,16,505,40.0,40.0,960.0,751.698113,0,0,,
/Users/mrggrm/Documents/GitHub/MDMTSP-HSE-RESEARCH/instances/research/group_03/g03_i39_c500_d4_m13_adversarial.json,ok,new,g03_i39_c500_d4_m13_adversarial,euclidean,,203626,4,500,13,504,40.0,40.0,960.0,751.698113,0,0,,
/Users/mrggrm/Documents/GitHub/MDMTSP-HSE-RESEARCH/instances/research/group_03/g03_i40_c500_d5_m16_adversarial.json,ok,new,g03_i40_c500_d5_m16_adversarial,euclidean,,203627,5,500,16,505,40.0,40.0,960.0,751.698113,0,0,,
/Users/mrggrm/Documents/GitHub/MDMTSP-HSE-RESEARCH/instances/research/group_03/g03_i41_c500_d4_m12_adversarial.json,ok,new,g03_i41_c500_d4_m12_adversarial,euclidean,,203628,4,500,12,504,40.0,40.0,960.0,730.0,0,0,,
/Users/mrggrm/Documents/GitHub/MDMTSP-HSE-RESEARCH/instances/research/group_03/g03_i42_c500_d5_m14_adversarial.json,ok,new,g03_i42_c500_d5_m14_adversarial,euclidean,,203629,5,500,14,505,40.0,40.0,960.0,718.522698,0,0,,
/Users/mrggrm/Documents/GitHub/MDMTSP-HSE-RESEARCH/instances/research/group_03/g03_i43_c500_d4_m12_adversarial.json,ok,new,g03_i43_c500_d4_m12_adversarial,euclidean,,203630,4,500,12,504,40.0,40.0,960.0,732.114234,0,0,,
/Users/mrggrm/Documents/GitHub/MDMTSP-HSE-RESEARCH/instances/research/group_03/g03_i44_c500_d5_m14_adversarial.json,ok,new,g03_i44_c500_d5_m14_adversarial,euclidean,,203631,5,500,14,505,40.0,40.0,960.0,705.180324,0,0,,
/Users/mrggrm/Documents/GitHub/MDMTSP-HSE-RESEARCH/instances/research/group_03/g03_i45_c500_d4_m12_adversarial.json,ok,new,g03_i45_c500_d4_m12_adversarial,euclidean,,203632,4,500,12,504,40.0,40.0,960.0,734.93537,0,0,,
/Users/mrggrm/Documents/GitHub/MDMTSP-HSE-RESEARCH/instances/research/group_03/g03_i46_c500_d5_m14_adversarial.json,ok,new,g03_i46_c500_d5_m14_adversarial,euclidean,,203633,5,500,14,505,40.0,40.0,960.0,705.679388,0,0,,
/Users/mrggrm/Documents/GitHub/MDMTSP-HSE-RESEARCH/instances/research/group_03/g03_i47_c500_d4_m12_adversarial.json,ok,new,g03_i47_c500_d4_m12_adversarial,euclidean,,203634,4,500,12,504,40.0,40.0,960.0,960.0,0,0,,
/Users/mrggrm/Documents/GitHub/MDMTSP-HSE-RESEARCH/instances/research/group_03/g03_i48_c500_d4_m13_adversarial.json,ok,new,g03_i48_c500_d4_m13_adversarial,euclidean,,203635,4,500,13,504,40.0,40.0,960.0,960.0,0,0,,
/Users/mrggrm/Documents/GitHub/MDMTSP-HSE-RESEARCH/instances/research/group_03/g03_i49_c500_d5_m15_adversarial.json,ok,new,g03_i49_c500_d5_m15_adversarial,euclidean,,203636,5,500,15,505,40.0,40.0,960.0,960.0,0,0,,
/Users/mrggrm/Documents/GitHub/MDMTSP-HSE-RESEARCH/instances/research/group_03/g03_i50_c500_d4_m12_adversarial.json,ok,new,g03_i50_c500_d4_m12_adversarial,euclidean,,203637,4,500,12,504,40.0,40.0,944.388486,960.0,0,0,,
/Users/mrggrm/Documents/GitHub/MDMTSP-HSE-RESEARCH/instances/research/group_03/g03_i51_c500_d4_m13_adversarial.json,ok,new,g03_i51_c500_d4_m13_adversarial,euclidean,,203638,4,500,13,504,40.0,40.0,960.0,960.0,0,0,,
/Users/mrggrm/Documents/GitHub/MDMTSP-HSE-RESEARCH/instances/research/group_03/g03_i52_c500_d5_m15_adversarial.json,ok,new,g03_i52_c500_d5_m15_adversarial,euclidean,,203639,5,500,15,505,40.0,40.0,960.0,960.0,0,0,,
/Users/mrggrm/Documents/GitHub/MDMTSP-HSE-RESEARCH/instances/research/group_03_hard/g03h_i01_c500_d3_m5_hard_adversarial.json,ok,new,g03h_i01_c500_d3_m5_hard_adversarial,euclidean,,205000,3,500,5,503,40.0,40.0,960.0,960.0,0,0,,
/Users/mrggrm/Documents/GitHub/MDMTSP-HSE-RESEARCH/instances/research/group_03_hard/g03h_i02_c500_d3_m6_hard_adversarial.json,ok,new,g03h_i02_c500_d3_m6_hard_adversarial,euclidean,,205001,3,500,6,503,40.0,40.0,960.0,829.84644,0,0,,
/Users/mrggrm/Documents/GitHub/MDMTSP-HSE-RESEARCH/instances/research/group_03_hard/g03h_i03_c500_d2_m4_hard_adversarial.json,ok,new,g03h_i03_c500_d2_m4_hard_adversarial,euclidean,,205002,2,500,4,502,40.0,40.0,960.0,834.32089,0,0,,
/Users/mrggrm/Documents/GitHub/MDMTSP-HSE-RESEARCH/instances/research/group_03_hard/g03h_i04_c500_d3_m5_hard_adversarial.json,ok,new,g03h_i04_c500_d3_m5_hard_adversarial,euclidean,,205003,3,500,5,503,40.0,40.0,960.0,789.801823,0,0,,
/Users/mrggrm/Documents/GitHub/MDMTSP-HSE-RESEARCH/instances/research/group_03_hard/g03h_i05_c500_d3_m6_hard_adversarial.json,ok,new,g03h_i05_c500_d3_m6_hard_adversarial,euclidean,,205004,3,500,6,503,40.0,40.0,960.0,781.935484,0,0,,
/Users/mrggrm/Documents/GitHub/MDMTSP-HSE-RESEARCH/instances/research/group_03_hard/g03h_i06_c500_d2_m4_hard_adversarial.json,ok,new,g03h_i06_c500_d2_m4_hard_adversarial,euclidean,,205005,2,500,4,502,40.0,40.0,960.0,927.806657,0,0,,
/Users/mrggrm/Documents/GitHub/MDMTSP-HSE-RESEARCH/instances/research/group_03_hard/g03h_i07_c500_d3_m5_hard_adversarial.json,ok,new,g03h_i07_c500_d3_m5_hard_adversarial,euclidean,,205006,3,500,5,503,40.0,40.0,960.0,781.935484,0,0,,
/Users/mrggrm/Documents/GitHub/MDMTSP-HSE-RESEARCH/instances/research/group_03_hard/g03h_i08_c500_d2_m4_hard_adversarial.json,ok,new,g03h_i08_c500_d2_m4_hard_adversarial,euclidean,,205007,2,500,4,502,40.0,40.0,960.0,338.378378,0,0,,
/Users/mrggrm/Documents/GitHub/MDMTSP-HSE-RESEARCH/instances/research/group_03_hard/g03h_i09_c500_d3_m5_hard_adversarial.json,ok,new,g03h_i09_c500_d3_m5_hard_adversarial,euclidean,,205008,3,500,5,503,40.0,40.0,960.0,425.405405,0,0,,
/Users/mrggrm/Documents/GitHub/MDMTSP-HSE-RESEARCH/instances/research/group_03_hard/g03h_i10_c500_d2_m4_hard_adversarial.json,ok,new,g03h_i10_c500_d2_m4_hard_adversarial,euclidean,,205009,2,500,4,502,40.0,40.0,960.0,350.906868,0,0,,
/Users/mrggrm/Documents/GitHub/MDMTSP-HSE-RESEARCH/instances/research/group_03_hard/g03h_i11_c500_d3_m5_hard_adversarial.json,ok,new,g03h_i11_c500_d3_m5_hard_adversarial,euclidean,,205010,3,500,5,503,40.0,40.0,960.0,425.405405,0,0,,
/Users/mrggrm/Documents/GitHub/MDMTSP-HSE-RESEARCH/instances/research/group_03_hard/g03h_i12_c500_d2_m4_hard_adversarial.json,ok,new,g03h_i12_c500_d2_m4_hard_adversarial,euclidean,,205011,2,500,4,502,40.0,40.0,960.0,338.378378,0,0,,
/Users/mrggrm/Documents/GitHub/MDMTSP-HSE-RESEARCH/instances/research/group_03_hard/g03h_i13_c500_d3_m5_hard_adversarial.json,ok,new,g03h_i13_c500_d3_m5_hard_adversarial,euclidean,,205012,3,500,5,503,40.0,40.0,960.0,697.142857,0,0,,
/Users/mrggrm/Documents/GitHub/MDMTSP-HSE-RESEARCH/instances/research/group_03_hard/g03h_i14_c500_d2_m4_hard_adversarial.json,ok,new,g03h_i14_c500_d2_m4_hard_adversarial,euclidean,,205013,2,500,4,502,40.0,40.0,960.0,697.142857,0,0,,
/Users/mrggrm/Documents/GitHub/MDMTSP-HSE-RESEARCH/instances/research/group_03_hard/g03h_i15_c500_d3_m5_hard_adversarial.json,ok,new,g03h_i15_c500_d3_m5_hard_adversarial,euclidean,,205014,3,500,5,503,40.0,40.0,960.0,697.142857,0,0,,
/Users/mrggrm/Documents/GitHub/MDMTSP-HSE-RESEARCH/instances/research/group_03_hard/g03h_i16_c500_d2_m4_hard_adversarial.json,ok,new,g03h_i16_c500_d2_m4_hard_adversarial,euclidean,,205015,2,500,4,502,40.0,40.0,960.0,697.142857,0,0,,
/Users/mrggrm/Documents/GitHub/MDMTSP-HSE-RESEARCH/instances/research/group_03_hard/g03h_i17_c500_d3_m5_hard_adversarial.json,ok,new,g03h_i17_c500_d3_m5_hard_adversarial,euclidean,,205016,3,500,5,503,40.0,40.0,960.0,700.798918,0,0,,
/Users/mrggrm/Documents/GitHub/MDMTSP-HSE-RESEARCH/instances/research/group_03_hard/g03h_i18_c500_d3_m6_hard_adversarial.json,ok,new,g03h_i18_c500_d3_m6_hard_adversarial,euclidean,,205017,3,500,6,503,40.0,40.0,960.0,799.0,0,0,,
/Users/mrggrm/Documents/GitHub/MDMTSP-HSE-RESEARCH/instances/research/group_03_hard/g03h_i19_c500_d2_m5_hard_adversarial.json,ok,new,g03h_i19_c500_d2_m5_hard_adversarial,euclidean,,205018,2,500,5,502,40.0,40.0,960.0,739.601972,0,0,,
/Users/mrggrm/Documents/GitHub/MDMTSP-HSE-RESEARCH/instances/research/group_03_hard/g03h_i20_c500_d3_m6_hard_adversarial.json,ok,new,g03h_i20_c500_d3_m6_hard_adversarial,euclidean,,205019,3,500,6,503,40.0,40.0,960.0,799.0,0,0,,
/Users/mrggrm/Documents/GitHub/MDMTSP-HSE-RESEARCH/instances/research/group_03_hard/g03h_i21_c500_d2_m5_hard_adversarial.json,ok,new,g03h_i21_c500_d2_m5_hard_adversarial,euclidean,,205020,2,500,5,502,40.0,40.0,960.0,744.903451,0,0,,
/Users/mrggrm/Documents/GitHub/MDMTSP-HSE-RESEARCH/instances/research/group_03_hard/g03h_i22_c500_d2_m4_hard_adversarial.json,ok,new,g03h_i22_c500_d2_m4_hard_adversarial,euclidean,,205021,2,500,4,502,40.0,40.0,960.0,934.393517,0,0,,
/Users/mrggrm/Documents/GitHub/MDMTSP-HSE-RESEARCH/instances/research/group_03_hard/g03h_i23_c500_d3_m5_hard_adversarial.json,ok,new,g03h_i23_c500_d3_m5_hard_adversarial,euclidean,,205022,3,500,5,503,40.0,40.0,917.337025,960.0,0,0,,
/Users/mrggrm/Documents/GitHub/MDMTSP-HSE-RESEARCH/instances/research/group_03_hard/g03h_i24_c500_d2_m4_hard_adversarial.json,ok,new,g03h_i24_c500_d2_m4_hard_adversarial,euclidean,,205023,2,500,4,502,40.0,40.0,960.0,950.504462,0,0,,
/Users/mrggrm/Documents/GitHub/MDMTSP-HSE-RESEARCH/instances/research/group_03_hard/g03h_i25_c500_d3_m5_hard_adversarial.json,ok,new,g03h_i25_c500_d3_m5_hard_adversarial,euclidean,,205024,3,500,5,503,40.0,40.0,960.0,960.0,0,0,,
/Users/mrggrm/Documents/GitHub/MDMTSP-HSE-RESEARCH/instances/research/group_03_traps/g03t_i01_c750_d4_m5_trap.json,ok,new,g03t_i01_c750_d4_m5_trap,euclidean,,206000,4,750,5,754,40.0,40.0,960.0,960.0,0,0,,
/Users/mrggrm/Documents/GitHub/MDMTSP-HSE-RESEARCH/instances/research/group_03_traps/g03t_i02_c750_d3_m4_trap.json,ok,new,g03t_i02_c750_d3_m4_trap,euclidean,,206001,3,750,4,753,40.0,40.0,960.0,838.98009,0,0,,
/Users/mrggrm/Documents/GitHub/MDMTSP-HSE-RESEARCH/instances/research/group_03_traps/g03t_i03_c750_d2_m3_trap.json,ok,new,g03t_i03_c750_d2_m3_trap,euclidean,,206002,2,750,3,752,40.0,40.0,960.0,847.719564,0,0,,
/Users/mrggrm/Documents/GitHub/MDMTSP-HSE-RESEARCH/instances/research/group_03_traps/g03t_i04_c750_d4_m5_trap.json,ok,new,g03t_i04_c750_d4_m5_trap,euclidean,,206003,4,750,5,754,40.0,40.0,960.0,960.0,0,0,,
/Users/mrggrm/Documents/GitHub/MDMTSP-HSE-RESEARCH/instances/research/group_03_traps/g03t_i05_c750_d3_m4_trap.json,ok,new,g03t_i05_c750_d3_m4_trap,euclidean,,206004,3,750,4,753,40.0,40.0,960.0,835.411567,0,0,,
/Users/mrggrm/Documents/GitHub/MDMTSP-HSE-RESEARCH/instances/research/group_03_traps/g03t_i06_c750_d2_m3_trap.json,ok,new,g03t_i06_c750_d2_m3_trap,euclidean,,206005,2,750,3,752,40.0,40.0,960.0,843.51873,0,0,,
/Users/mrggrm/Documents/GitHub/MDMTSP-HSE-RESEARCH/instances/research/group_03_traps/g03t_i07_c750_d4_m5_trap.json,ok,new,g03t_i07_c750_d4_m5_trap,euclidean,,206006,4,750,5,754,40.0,40.0,960.0,960.0,0,0,,
/Users/mrggrm/Documents/GitHub/MDMTSP-HSE-RESEARCH/instances/research/group_03_traps/g03t_i08_c750_d4_m5_trap.json,ok,new,g03t_i08_c750_d4_m5_trap,euclidean,,206007,4,750,5,754,40.0,40.0,960.0,959.647603,0,0,,
/Users/mrggrm/Documents/GitHub/MDMTSP-HSE-RESEARCH/instances/research/group_03_traps/g03t_i09_c750_d3_m4_trap.json,ok,new,g03t_i09_c750_d3_m4_trap,euclidean,,206008,3,750,4,753,40.0,40.0,960.0,956.194404,0,0,,
/Users/mrggrm/Documents/GitHub/MDMTSP-HSE-RESEARCH/instances/research/group_03_traps/g03t_i10_c750_d2_m3_trap.json,ok,new,g03t_i10_c750_d2_m3_trap,euclidean,,206009,2,750,3,752,40.0,40.0,960.0,957.91841,0,0,,
/Users/mrggrm/Documents/GitHub/MDMTSP-HSE-RESEARCH/instances/research/group_03_traps/g03t_i11_c750_d4_m5_trap.json,ok,new,g03t_i11_c750_d4_m5_trap,euclidean,,206010,4,750,5,754,40.0,40.0,960.0,956.921732,0,0,,
/Users/mrggrm/Documents/GitHub/MDMTSP-HSE-RESEARCH/instances/research/group_03_traps/g03t_i12_c750_d3_m4_trap.json,ok,new,g03t_i12_c750_d3_m4_trap,euclidean,,206011,3,750,4,753,40.0,40.0,960.0,953.960622,0,0,,
/Users/mrggrm/Documents/GitHub/MDMTSP-HSE-RESEARCH/instances/research/group_03_traps/g03t_i13_c750_d2_m3_trap.json,ok,new,g03t_i13_c750_d2_m3_trap,euclidean,,206012,2,750,3,752,40.0,40.0,960.0,960.0,0,0,,
/Users/mrggrm/Documents/GitHub/MDMTSP-HSE-RESEARCH/instances/research/group_03_traps/g03t_i14_c750_d4_m5_trap.json,ok,new,g03t_i14_c750_d4_m5_trap,euclidean,,206013,4,750,5,754,40.0,40.0,960.0,562.727273,0,0,,
/Users/mrggrm/Documents/GitHub/MDMTSP-HSE-RESEARCH/instances/research/group_03_traps/g03t_i15_c750_d3_m4_trap.json,ok,new,g03t_i15_c750_d3_m4_trap,euclidean,,206014,3,750,4,753,40.0,40.0,960.0,444.687855,0,0,,
/Users/mrggrm/Documents/GitHub/MDMTSP-HSE-RESEARCH/instances/research/group_03_traps/g03t_i16_c750_d2_m3_trap.json,ok,new,g03t_i16_c750_d2_m3_trap,euclidean,,206015,2,750,3,752,40.0,40.0,960.0,468.988415,0,0,,
/Users/mrggrm/Documents/GitHub/MDMTSP-HSE-RESEARCH/instances/research/group_03_traps/g03t_i17_c750_d4_m5_trap.json,ok,new,g03t_i17_c750_d4_m5_trap,euclidean,,206016,4,750,5,754,40.0,40.0,960.0,562.727273,0,0,,
/Users/mrggrm/Documents/GitHub/MDMTSP-HSE-RESEARCH/instances/research/group_03_traps/g03t_i18_c750_d3_m4_trap.json,ok,new,g03t_i18_c750_d3_m4_trap,euclidean,,206017,3,750,4,753,40.0,40.0,960.0,434.810201,0,0,,
/Users/mrggrm/Documents/GitHub/MDMTSP-HSE-RESEARCH/instances/research/group_03_traps/g03t_i19_c750_d4_m5_trap.json,ok,new,g03t_i19_c750_d4_m5_trap,euclidean,,206018,4,750,5,754,40.0,40.0,960.0,707.12528,0,0,,
/Users/mrggrm/Documents/GitHub/MDMTSP-HSE-RESEARCH/instances/research/group_03_traps/g03t_i20_c750_d3_m4_trap.json,ok,new,g03t_i20_c750_d3_m4_trap,euclidean,,206019,3,750,4,753,40.0,40.0,960.0,728.70696,0,0,,
/Users/mrggrm/Documents/GitHub/MDMTSP-HSE-RESEARCH/instances/research/group_03_traps/g03t_i21_c750_d4_m5_trap.json,ok,new,g03t_i21_c750_d4_m5_trap,euclidean,,206020,4,750,5,754,40.0,40.0,960.0,746.416476,0,0,,
/Users/mrggrm/Documents/GitHub/MDMTSP-HSE-RESEARCH/instances/research/group_03_traps/g03t_i22_c750_d3_m4_trap.json,ok,new,g03t_i22_c750_d3_m4_trap,euclidean,,206021,3,750,4,753,40.0,40.0,960.0,747.206209,0,0,,
/Users/mrggrm/Documents/GitHub/MDMTSP-HSE-RESEARCH/instances/research/group_03_traps/g03t_i23_c750_d4_m5_trap.json,ok,new,g03t_i23_c750_d4_m5_trap,euclidean,,206022,4,750,5,754,40.0,40.0,960.0,960.0,0,0,,
/Users/mrggrm/Documents/GitHub/MDMTSP-HSE-RESEARCH/instances/research/group_03_traps/g03t_i24_c750_d3_m4_trap.json,ok,new,g03t_i24_c750_d3_m4_trap,euclidean,,206023,3,750,4,753,40.0,40.0,960.0,913.158274,0,0,,
/Users/mrggrm/Documents/GitHub/MDMTSP-HSE-RESEARCH/instances/research/group_03_traps/g03t_i25_c750_d2_m3_trap.json,ok,new,g03t_i25_c750_d2_m3_trap,euclidean,,206024,2,750,3,752,40.0,40.0,960.0,872.03613,0,0,,
/Users/mrggrm/Documents/GitHub/MDMTSP-HSE-RESEARCH/instances/research/group_04/g04_i01_c1000_d6_m11_random.json,ok,new,group_04_instance_01_customers_1000_depots_6_salesmen_11_random,euclidean,True,775866201,6,1000,11,1006,5.02620048970559,0.5926926646853126,999.9151724256459,998.8971562410925,0,0,,
/Users/mrggrm/Documents/GitHub/MDMTSP-HSE-RESEARCH/instances/research/group_04/g04_i02_c1000_d5_m19_random.json,ok,new,group_04_instance_02_customers_1000_depots_5_salesmen_19_random,euclidean,True,122894519,5,1000,19,1005,2.4070811046466023,2.0611995366753844,999.098783044457,999.9115472767927,0,0,,
/Users/mrggrm/Documents/GitHub/MDMTSP-HSE-RESEARCH/instances/research/group_04/g04_i03_c1000_d7_m19_random.json,ok,new,group_04_instance_03_customers_1000_depots_7_salesmen_19_random,euclidean,True,1394959369,7,1000,19,1007,0.8893960533169487,0.13652042089340455,999.6101355556526,999.8603044310336,0,0,,
/Users/mrggrm/Documents/GitHub/MDMTSP-HSE-RESEARCH/instances/research/group_04/g04_i04_c1000_d7_m12_random.json,ok,new,group_04_instance_04_customers_1000_depots_7_salesmen_12_random,euclidean,True,808086190,7,1000,12,1007,1.8088002093874511,2.7324124739952493,998.1889699408398,999.5856625677069,0,0,,
/Users/mrggrm/Documents/GitHub/MDMTSP-HSE-RESEARCH/instances/research/group_04/g04_i05_c1000_d10_m23_random.json,ok,new,group_04_instance_05_customers_1000_depots_10_salesmen_23_random,euclidean,True,1346317965,10,1000,23,1010,2.193565975750489,1.1567526884624924,999.2377836945435,998.5789536998401,0,0,,
/Users/mrggrm/Documents/GitHub/MDMTSP-HSE-RESEARCH/instances/research/group_05/g05_i01_c10000_d1_m6_random.json,ok,new,group_05_instance_01_customers_10000_depots_1_salesmen_6_random,euclidean,True,2019510979,1,10000,6,10001,0.02887898520453902,0.08744175749941796,999.8720611257523,999.5936439004372,0,0,,
/Users/mrggrm/Documents/GitHub/MDMTSP-HSE-RESEARCH/instances/research/group_05/g05_i02_c10000_d2_m9_random.json,ok,new,group_05_instance_02_customers_10000_depots_2_salesmen_9_random,euclidean,True,152565452,2,10000,9,10002,0.00018237243470942133,0.3988356217593525,999.6283526499305,999.9693941392885,0,0,,
/Users/mrggrm/Documents/GitHub/MDMTSP-HSE-RESEARCH/instances/research/group_05/g05_i03_c10000_d3_m18_random.json,ok,new,group_05_instance_03_customers_10000_depots_3_salesmen_18_random,euclidean,True,770912036,3,10000,18,10003,0.48041993013758777,0.16413542790016944,999.9773696772626,999.7257950667458,0,0,,
/Users/mrggrm/Documents/GitHub/MDMTSP-HSE-RESEARCH/instances/research/group_05/g05_i04_c10000_d1_m8_random.json,ok,new,group_05_instance_04_customers_10000_depots_1_salesmen_8_random,euclidean,True,232787690,1,10000,8,10001,0.05487299207274088,0.2012978454625225,999.513390162006,999.9564034576262,0,0,,
/Users/mrggrm/Documents/GitHub/MDMTSP-HSE-RESEARCH/instances/research/group_05/g05_i05_c10000_d2_m9_random.json,ok,new,group_05_instance_05_customers_10000_depots_2_salesmen_9_random,euclidean,True,142956746,2,10000,9,10002,0.03739220278098365,0.10087187509089102,999.980183919251,999.9173625301686,0,0,,
/Users/mrggrm/Documents/GitHub/MDMTSP-HSE-RESEARCH/instances/research/group_06/g06_i01_c10000_d7_m16_clustered.json,ok,new,group_06_instance_01_customers_10000_depots_7_salesmen_16_clustered,euclidean,True,1960168882,7,10000,16,10007,0.0,0.0,959.9531519976583,943.9615946429481,0,0,,
/Users/mrggrm/Documents/GitHub/MDMTSP-HSE-RESEARCH/instances/research/group_06/g06_i02_c10000_d6_m41_clustered.json,ok,new,group_06_instance_02_customers_10000_depots_6_salesmen_41_clustered,euclidean,True,1613511864,6,10000,41,10006,0.0,0.0,930.6857542487619,1000.0,0,0,,
/Users/mrggrm/Documents/GitHub/MDMTSP-HSE-RESEARCH/instances/research/group_06/g06_i03_c10000_d10_m79_grid.json,ok,new,group_06_instance_03_customers_10000_depots_10_salesmen_79_grid,euclidean,True,1607858933,10,10000,79,10010,0.0,0.0,1000.0,1000.0,0,0,,
/Users/mrggrm/Documents/GitHub/MDMTSP-HSE-RESEARCH/instances/research/group_06/g06_i04_c10000_d7_m15_grid.json,ok,new,group_06_instance_04_customers_10000_depots_7_salesmen_15_grid,euclidean,True,250239190,7,10000,15,10007,0.0,0.0,1000.0,1000.0,0,0,,
/Users/mrggrm/Documents/GitHub/MDMTSP-HSE-RESEARCH/instances/research/group_06/g06_i05_c10000_d7_m15_adversarial.json,ok,new,group_06_instance_05_customers_10000_depots_7_salesmen_15_adversarial,euclidean,True,419484058,7,10000,15,10007,16.282134366342476,0.0,1000.0,1000.0,0,0,,
/Users/mrggrm/Documents/GitHub/MDMTSP-HSE-RESEARCH/instances/research/group_06/g06_i06_c10000_d7_m33_adversarial.json,ok,new,group_06_instance_06_customers_10000_depots_7_salesmen_33_adversarial,euclidean,True,1748964383,7,10000,33,10007,7.015485439845932,0.0,1000.0,1000.0,0,0,,
/Users/mrggrm/Documents/GitHub/MDMTSP-HSE-RESEARCH/instances/research/group_06/g06_i07_c10000_d10_m70_line.json,ok,new,group_06_instance_07_customers_10000_depots_10_salesmen_70_line,euclidean,True,1159319365,10,10000,70,10010,0.0,83.37296433249841,1000.0,974.2781559757062,0,0,,
/Users/mrggrm/Documents/GitHub/MDMTSP-HSE-RESEARCH/instances/research/group_06/g06_i08_c10000_d7_m45_line.json,ok,new,group_06_instance_08_customers_10000_depots_7_salesmen_45_line,euclidean,True,1231431545,7,10000,45,10007,0.0,0.0,1000.0,1000.0,0,0,,
/Users/mrggrm/Documents/GitHub/MDMTSP-HSE-RESEARCH/instances/research/group_07/g07_i01_c25000_d9_m20_random.json,ok,new,group_07_instance_01_customers_25000_depots_9_salesmen_20_random,euclidean,True,771675779,9,25000,20,25009,0.005941703607015292,0.10612252818242851,999.9617215331787,999.9977007076029,0,0,,
/Users/mrggrm/Documents/GitHub/MDMTSP-HSE-RESEARCH/instances/research/group_07/g07_i02_c25000_d5_m26_random.json,ok,new,group_07_instance_02_customers_25000_depots_5_salesmen_26_random,euclidean,True,1789469626,5,25000,26,25005,0.004664719058244948,0.0028371026433715585,999.9938632675077,999.9249539133434,0,0,,
/Users/mrggrm/Documents/GitHub/MDMTSP-HSE-RESEARCH/instances/research/group_08/g08_i01_c100000_d2_m18_random.json,ok,new,group_08_instance_01_customers_100000_depots_2_salesmen_18_random,euclidean,True,587110340,2,100000,18,100002,0.008804770495585146,0.015159818473442499,999.9940331571242,999.9836463840775,0,0,,
/Users/mrggrm/Documents/GitHub/MDMTSP-HSE-RESEARCH/instances/research/group_08/g08_i02_c100000_d3_m28_random.json,ok,new,group_08_instance_02_customers_100000_depots_3_salesmen_28_random,euclidean,True,560292579,3,100000,28,100003,0.0025328256344492317,0.01000768480674541,999.9986110168456,999.961291107853,0,0,,
/Users/mrggrm/Documents/GitHub/MDMTSP-HSE-RESEARCH/instances/research/group_09/g09_i01_c100000_d6_m44_random.json,ok,new,group_09_instance_01_customers_100000_depots_6_salesmen_44_random,euclidean,True,697545216,6,100000,44,100006,0.0011858357896743499,0.010301347140084793,999.988314306975,999.9885620425615,0,0,,
/Users/mrggrm/Documents/GitHub/MDMTSP-HSE-RESEARCH/instances/research/group_09/g09_i02_c100000_d6_m56_random.json,ok,new,group_09_instance_02_customers_100000_depots_6_salesmen_56_random,euclidean,True,766162482,6,100000,56,100006,0.000501074338021823,0.0038877069439280376,999.9922697872465,999.9917232926243,0,0,,
/Users/mrggrm/Documents/GitHub/MDMTSP-HSE-RESEARCH/instances/research/group_10/g10_i01_c100000_d330_m2575_random.json,ok,new,group_10_instance_01_customers_100000_depots_330_salesmen_2575_random,euclidean,True,338777134,330,100000,2575,100330,0.011507477913230701,0.0012864743873519657,999.9953512718523,999.9868350387895,0,0,,
/Users/mrggrm/Documents/GitHub/MDMTSP-HSE-RESEARCH/instances/research/group_10/g10_i02_c100000_d579_m4819_random.json,ok,new,group_10_instance_02_customers_100000_depots_579_salesmen_4819_random,euclidean,True,79088052,579,100000,4819,100579,0.01841956164705394,0.00015130990815848122,999.9928355343482,999.9690204881118,0,0,,
/Users/mrggrm/Documents/GitHub/MDMTSP-HSE-RESEARCH/instances/small/sample_euclidean_10_2x2.json,ok,new,sample_euclidean_10_2x2,euclidean,,42,2,10,4,12,10.0,10.0,90.0,90.0,0,0,,
/Users/mrggrm/Documents/GitHub/MDMTSP-HSE-RESEARCH/instances/small/toy_01_single_depot.json,ok,legacy,toy_01_single_depot,euclidean,True,,1,3,1,4,0.0,0.0,3.0,0.0,0,0,,
/Users/mrggrm/Documents/GitHub/MDMTSP-HSE-RESEARCH/instances/small/toy_02_two_depots_balanced.json,ok,legacy,toy_02_two_depots_balanced,euclidean,True,,2,4,2,6,0.0,0.0,12.0,0.0,0,0,,
/Users/mrggrm/Documents/GitHub/MDMTSP-HSE-RESEARCH/instances/small/toy_03_two_depots_unbalanced.json,ok,legacy,toy_03_two_depots_unbalanced,euclidean,True,,2,6,3,8,0.0,-1.0,22.0,1.0,0,0,,
/Users/mrggrm/Documents/GitHub/MDMTSP-HSE-RESEARCH/instances/small/toy_04_three_depots_sparse.json,ok,legacy,toy_04_three_depots_sparse,euclidean,True,,3,7,4,10,0.0,0.0,31.0,26.0,0,0,,
